Modelo,Código,Lançamento,Preço,Clock GPU (GHz),VRAM (GB),Clock VRAM (GHz),Tipo VRAM,Barramento (Bits),TDP (W)
NV1,NV1,22/05/1995,,,2,0.06,,64,
Riva 128,NV3,25/08/1997,,,4,0.1,,128,
Riva 128ZX,NV3,23/02/1998,,,8,0.1,,128,
Riva TNT,NV4,15/06/1998,,,8,0.11,,128,
Vanta,NV6,22/03/1999,,,8,0.125,,64,
Vanta LT,NV6,,,,8,0.1,,64,
Riva TNT2 M64,NV6,,,,8,0.15,,64,
Riva TNT2,NV5,15/03/1999,,,16,0.15,,128,
Riva TNT2 Pro,NV5,12/10/1999,,,16,0.166,,128,
Riva TNT2 Ultra,NV5,15/03/1999,,,16,0.183,,128,
GeForce 256 SDR,NV10,11/10/1999,,,32,0.166,,128,13
GeForce 256 DDR,NV10,13/12/1999,,,32,0.15,,128,12
GeForce2 MX IGP + nForce 220/420,NV1A (IGP)/ NV11 (MX),04/06/2001,,,32,0.133,,64,3
GeForce2 MX200,NV1A (IGP)/ NV11 (MX),03/03/2001,,,32,0.166,,64,1
GeForce2 MX,NV1A (IGP)/ NV11 (MX),28/06/2000,,,32,0.166,,128,4
GeForce2 MX400,NV1A (IGP)/ NV11 (MX),03/03/2001,,,32,0.166,,64,5
GeForce2 GTS,NV15,26/04/2000,,,32,0.166,,128,6
GeForce2 Pro,NV15,05/12/2000,,,32,0.2,,128,
GeForce2 Ti,NV15,01/10/2001,,,32,0.2,,128,
GeForce2 Ultra,NV15,14/08/2000,,,64,0.23,,128,
GeForce3 Ti200,NV20,01/10/2001,,,64,0.2,,128,
GeForce3,NV20,27/02/2001,,,64,0.23,,128,
GeForce3 Ti500,NV20,01/10/2001,,,64,0.25,,128,29
GeForce4 MX IGP + nForce2,NV1F,01/10/2002,,,128,0.133,,64,
GeForce4 MX420,NV17,06/02/2002,,,64,0.166,,128,14
GeForce4 MX440 SE,NV17,,,,64,0.133,,64,13
GeForce MX4000,NV18B,14/12/2003,,,64,0.166,,64,14
GeForce PCX4300,NV18B,19/02/2004,,,128,0.166,,64,16
GeForce4 MX440,NV17,06/02/2002,,,64,0.2,,128,18
GeForce4 MX440 8x,NV18,25/09/2002,,,64,0.166,,64,19
GeForce4 MX460,NV17,06/02/2002,,,64,0.275,,128,22
GeForce4 Ti4200,NV25,16/04/2002,,,64,0.222,,128,33
GeForce4 Ti4200 8x,NV28,25/09/2002,,,64,0.25,,128,34
GeForce4 Ti4400,NV25,06/02/2002,,,128,0.275,,128,37
GeForce4 Ti4400 8x (Ti4800SE),NV28,20/01/2003,,,128,0.275,,128,38
GeForce4 Ti4600,NV25,06/02/2002,,,128,0.325,,128,
GeForce4 Ti4600 8x (Ti4800),NV28,20/01/2003,,,128,0.325,,128,43
GeForce FX 5100,NV34,01/01/2003,,,64,0.166,,64,
GeForce FX 5200 LE,NV34,01/01/2003,,,64,0.166,,64,
GeForce FX 5200,NV34,01/01/2003,,,64,0.2,,64,21
GeForce FX 5200 Ultra,NV34,,,,64,0.325,,128,32
GeForce PCX 5300,NV34,,,,128,0.166,,64,21
GeForce FX 5500,NV34B,01/01/2004,,,64,0.166,,128,
GeForce FX 5600 XT,NV31,01/01/2003,,,64,0.2,,64,
GeForce FX 5600,NV31,01/01/2003,,,64,0.275,,128,25
GeForce FX 5600 Ultra,NV31,,,,64,0.35,,128,27
GeForce FX 5600 Ultra Rev.2,NV31,,,,64,0.4,,128,31
GeForce FX 5700 VE,NV36,01/01/2004,,,128,0.2,,64,20
GeForce FX 5700 LE,NV36,01/01/2004,,,128,0.2,,64,21
GeForce FX 5700,NV36,01/01/2003,,,128,0.25,,128,20
GeForce PCX 5750,NV36,,,,128,0.25,,128,25
GeForce FX 5700 Ultra,NV36,,,,128,0.453,,128,43
GeForce FX 5700 Ultra GDDR3,NV36,,,,128,0.475,,128,38
GeForce FX 5800,NV30,,,,128,0.4,,128,55
GeForce FX 5800 Ultra,NV30,,,,128,0.5,,128,66
GeForce FX 5900 ZT,NV35,,,,128,0.35,,256,
GeForce FX 5900 XT,NV35,,,,128,0.35,,256,48
GeForce FX 5900,NV35,01/01/2003,,,128,0.425,,256,55
GeForce FX 5900 Ultra,NV35,,,,128,0.425,,256,65
GeForce PCX 5900,NV35,,,,128,0.275,,256,49
GeForce FX 5950 Ultra,NV38,,,,256,0.475,,256,83
GeForce PCX 5950,NV38,,,,256,0.425,,256,83
,Code name,,,,0,,,0,0
,Code name,,,,0,,,0,0
GeForce 6100 + nForce 410,MCP51,20/10/2005,,,256,0.1,,64,
GeForce 6150 SE + nForce 430,MCP61,,,,256,0.2,,64,
GeForce 6150 LE + nForce 430,MCP61,,,,256,0.1,,64,
GeForce 6150 + nForce 430,MCP51,20/10/2005,,,256,0.1,,64,
GeForce 6200 LE,NV44,04/04/2005,,,128,0.266,,64,
GeForce 6200A,NV44A,04/04/2005,,,128,0.25,,64,
GeForce 6200,NV43,12/10/2004,,,128,0.275,,128,20
GeForce 6200 TurboCache,NV44,15/12/2004,,,128,0.2,,64,25
GeForce 6500,NV44,01/10/2005,,,128,0.333,,64,
GeForce 6600 LE,NV43,,,,128,0.2,,128,
GeForce 6600,NV43,12/08/2004,,,128,0.275,,128,26
GeForce 6600 GT,NV43,12/08/2004,,,128,0.475,,128,47
GeForce 6800 LE,"NV40 (AGP) NV41, NV42 (PCIe)",22/07/2004,,,128,0.35,,256,
GeForce 6800 XT,"NV40 (AGP) NV41, NV42 (PCIe)",30/09/2005,,,256,0.266,,64,36
GeForce 6800,"NV40 (AGP) NV41, NV42 (PCIe)",14/04/2004,,,128,0.35,,256,40
GeForce 6800 GTO,NV45,14/04/2004,,,256,0.45,,256,
GeForce 6800 GS,NV40 (AGP) NV42 (PCIe),08/12/2005,,,128,0.5,,256,59
GeForce 6800 GT,NV40 (AGP) NV45 (PCIe),04/05/2004,,,128,0.5,,256,67
GeForce 6800 Ultra,NV40 (AGP) NV45 (PCIe),04/05/2004,,,256,0.525,,256,105
GeForce 6800 Ultra Extreme Edition,NV40,04/05/2004,,,256,0.6,,256,
Model,Code name,,,,0,,,0,0
Model,Code name,,,,0,,,0,0
GeForce 7025 + nForce 630a,MCP68S,01/01/2007,,,256,0.2,,64,
GeForce 7050PV + nForce 630a,MCP67QV,01/01/2007,,,256,0.2,,64,
GeForce 7050 + nForce 610i/630i,MCP73,01/01/2007,,,256,0.333,,64,
GeForce 7100 + nForce 630i,MCP76,01/01/2007,,,256,0.4,,64,
GeForce 7150 + nForce 630i,MCP76,01/01/2007,,,256,0.4,,64,
GeForce 7100 GS,NV44,,,,128,0.266,,32,
GeForce 7200 GS,G72,,,,128,0.4,,32,11
GeForce 7300 SE,G72,,,,128,0.333,,32,
GeForce 7300 LE,G72,,,,128,0.333,,32,13
GeForce 7300 GS,G72,,,,128,0.4,,64,10
GeForce 7300 GT,G73,,,,128,0.325,,128,24
GeForce 7500 LE,G72,01/01/2006,,,64,0.405,,64,10
GeForce 7600 GS,G73,,,,256,0.4,,128,30
GeForce 7600 GT,G73,,,,256,0.4,,128,
GeForce 7600 GT 80 nm,G73-B1,,,,256,0.4,,128,48
GeForce 7650 GS,G73,,,,256,0.4,,128,
GeForce 7800 GS,G70,,,,256,0.6,,256,70
GeForce 7800 GT,G70,,,,256,0.5,,256,59
GeForce 7800 GTX,G70,,,,256,0.6,,256,100
GeForce 7900 GS,G71,01/01/2006,,,256,0.66,,256,50
GeForce 7900 GT,G71,,,,256,0.66,,256,65
GeForce 7900 GTO,G71,,,,512,0.66,,256,
GeForce 7900 GTX,G71,,,,512,0.8,,256,105
GeForce 7900 GX2,2x G71,,,,2,0.6,,256,
GeForce 7950 GT,G71,,,,512,0.7,,256,90
GeForce 7950 GX2,2x G71,,,,2,0.6,,256,136
Model,Code name,,,,0,,,0,0
Model,Code name,,,,0,,,0,0
GeForce 8100 mGPU,MCP78,01/01/2008,,,512,,,64,0
GeForce 8200 mGPU,MCP78,01/01/2008,,,0,,,64,0
GeForce 8300 mGPU,MCP78,01/01/2008,,,512,,,64,0
GeForce 8300 GS,G86,01/01/2007,,,128,,,64,40
GeForce 8400 GS,G86,,,,128,,,64,40
GeForce 8400 GS rev.2,G98,,,,128,,,64,25
GeForce 8400 GS rev.3,GT218,,,,512,,,32,25
GeForce 8500 GT,G86,,,,256,,,128,45
GeForce 8600 GS,G84,01/01/2007,,,256,,,128,47
GeForce 8600 GT,G84,,,,256,,,128,47
GeForce 8600 GTS,G84,,,,256,,,128,71
GeForce 8800 GS,G92,01/01/2008,,,384,,,192,105
GeForce 8800 GTS (G80),G80,,,,320,,,320,146
GeForce 8800 GTS 112 (G80),G80,,,,640,,,320,150
GeForce 8800 GT,G92,,,,256,,,256,125
GeForce 8800 GTS (G92),G92,,,,512,,,256,135
GeForce 8800 GTX,G80,,,,768,,,384,145
GeForce 8800 Ultra,G80,,,,768,,,384,175
Model,Code name,,,,0,,,0,0
Model,Code name,,,,0,,,0,0
GeForce 9300 mGPU,MCP7A-S,01/01/2008,,,512,,,64,0
GeForce 9400 mGPU,MCP7A-U,01/01/2008,,,512,,,64,12
GeForce 9300 GE,G98,01/01/2008,,,256,,,64,25
GeForce 9300 GS,G98,01/01/2008,,,256,,,64,25
GeForce 9400 GT,G96-200-c1 G96a G96b,,,,256,,,128,50
GeForce 9500 GS,,,,,256,,,128,50
GeForce 9500 GT,G96-300-C1,,,,256,,,128,50
GeForce 9600 GS,G94a,,,,768,,,192,0
GeForce 9600 GSO,G92-150-A2,01/01/2008,,,384,,,192,84
GeForce 9600 GSO 512,G94a G94b,01/01/2008,,,512,,,256,90
GeForce 9600 GT Green Edition,G94b,01/01/2009,,,512,,,256,59
GeForce 9600 GT,G94-300-A1,,,,512,,,256,95
GeForce 9800 GT Green Edition,G92a2 G92b,01/01/2009,,,512,,,256,75
GeForce 9800 GT,G92a G92b,01/01/2008,,,512,,,256,125
GeForce 9800 GTX,G92-420-A2,,,,512,,,256,140
GeForce 9800 GTX+,G92b,,,,512,,,256,141
GeForce 9800 GX2,2x G92,,,,2,,,2,197
Model,Code name,,,,0,,,0,0
Model,Code name,,,,0,,,0,0
GeForce G 100,G98,10/03/2009,,,,,,,35
GeForce GT 120,G96b,10/03/2009,,,,,,,50
GeForce GT 130,G94b,10/03/2009,,,,,,,75
GeForce GT 140,G94b,10/03/2009,,,,,,,105
GeForce GTS 150,G92b,10/03/2009,,,,,,,141
GeForce 205,GT218,26/11/2009,,,,,,,30.5
GeForce 210,GT218-325-B1,12/10/2009,,,,,,,30.5
GeForce GT 220,GT216-300-A2,12/10/2009,,,,,,,58
GeForce GT 230,G94b,12/10/2009,,,,,,,75
GeForce GT 230,G92b,27/04/2009,,,,,,,75
GeForce GT 240,GT215-450-A2,17/11/2009,,,,,,,69
GeForce GTS 240,G92a G92b,01/07/2009,,,,,,,120
GeForce GTS 250,G92b,,,,,,,,130
GeForce GTS 250,G92-428-B1,03/03/2009,$150 ($130 512 MiB),,,,,,150
GeForce GTX 260,GT200-100-A2,16/06/2008,$400 (dropped to $270 after 3 months),,,,,,182
GeForce GTX 260,GT200-103-A2 G200-103-B2,16/09/2008,$300,,,,,,182
GeForce GTX 275,GT200-105-B3,09/04/2009,$250,,,,,,219
GeForce GTX 280,GT200-300-A2,17/06/2008,$650 (dropped to $430 after 3 months),,,,,,236
GeForce GTX 285,GT200-350-B3,15/01/2009,$400,,,,,,204
GeForce GTX 295,2x GT200-400-B3,08/01/2009,$500,,,,,,289
Model,Code name,,Release Price (USD),,,,,,0
Model,Code name,,Release Price (USD),,,,,,0
GeForce 310,GT218,27/11/2009,,,,,,,30.5
GeForce 315,GT216,,,,,,,,33
GeForce GT 320,GT215,,,,,,,,43
GeForce GT 330,GT215-301-A3,,,,,,,,75
GeForce GT 330,G92,,,,,,,,75
GeForce GT 330,G92B,,,,,,,,75
GeForce GT 340,GT215,,,,,,,,69
GeForce 405,GT216 GT218,16/09/2011,OEM,,,,,,30.5
GeForce GT 420,GF108,03/09/2010,OEM,,,,,,50
GeForce GT 430,GF108 GF108-300-A1,11/10/2010,OEM,,,,,,60
GeForce GT 430,GF108 GF108-300-A1,11/10/2010,$79,,,,,,49
GeForce GT 430,GF108 GF108-300-A1,11/10/2010,$79,,,,,,
GeForce GT 440,GF108,01/02/2011,$100,,,,,,65
GeForce GT 440,GF106,11/10/2010,OEM,,,,,,56
GeForce GTS 450,GF106,11/10/2010,OEM,,,,,,106
GeForce GTS 450,GF106-250 GF116-200,13/09/2010,$129,,,,,,106
GeForce GTX 460 SE,GF104-225-A1,15/11/2010,$160,,,,,,150
GeForce GTX 460,GF104,11/10/2010,OEM,,,,,,
GeForce GTX 460,GF104-300-KB-A1,12/07/2010,$199,,,,,,
GeForce GTX 460,GF104-300-KB-A1,12/07/2010,$229,,,,,,160
GeForce GTX 460,GF114,24/09/2011,$199,,,,,,
GeForce GTX 465,GF100-030-A3,31/05/2010,$279,,,,,,200
GeForce GTX 470,GF100-275-A3,26/03/2010,$349,,,,,,215
GeForce GTX 480,GF100-375-A3,26/03/2010,$499,,,,,,250
Model,Code name,,Release Price (USD),,,,,,0
Model,Code name,,Release Price (USD),,,,,,0
GeForce 510,GF119,29/09/2011,OEM,,,,,,25
GeForce GT 520,GF119,12/04/2011,$59,,,,,,29
GeForce GT 530,GF108-220,14/05/2011,OEM,,,,,,50
GeForce GT 545,GF116,14/05/2011,$149,,,,,,70
GeForce GT 545,GF116,14/05/2011,OEM,,,,,,105
GeForce GTX 550 Ti,GF116-400,15/03/2011,$149,,,,,,116
GeForce GTX 555,GF114,14/05/2011,OEM,,,,,,150
GeForce GTX 560 SE,GF114-200-KB-A1,20/02/2012,OEM,,,,,,150
GeForce GTX 560,GF114-325-A1,17/05/2011,$199,,,,,,150
GeForce GTX 560 Ti,GF114-400-A1,25/01/2011,$249,,,,,,170
GeForce GTX 560 Ti,GF110,30/05/2011,OEM,,,,,,210
GeForce GTX 560 Ti (448 Cores),GF110-270-A1,29/11/2011,$289,,,,,,210
GeForce GTX 570,GF110-275-A1,07/12/2010,$349,,,,,,219
GeForce GTX 580,GF110-375-A1,09/11/2010,$499,,,,,,244
GeForce GTX 590,2x GF110-351-A1,24/03/2011,$699,,,,,,365
Model,Code name,,Release Price (USD),,,,,,0
Model,Code name,,Release Price (USD),,,,,,0
GeForce 605,GF119,03/04/2012,OEM,,,,,,25
GeForce GT 610,GF119-300-A1,15/05/2012,Retail,,,,,,29
GeForce GT 620,GF119,03/04/2012,OEM,,,,,,30
GeForce GT 620,GF108-100-KB-A1,15/05/2012,Retail,,,,,,49
GeForce GT 625,GF119,19/02/2013,OEM,,,,,,30
GeForce GT 630,GK107,24/04/2012,OEM,,,,,,50
GeForce GT 630,GF108-400-A1,15/05/2012,Retail,,,,,,49
GeForce GT 630,GF108,15/05/2012,Retail,,,,,,65
GeForce GT 630,GK208-301-A1,29/05/2013,,,,,,,25
GeForce GT 635,GK208,19/02/2013,OEM,,,,,,35
GeForce GT 640,GF116,24/04/2012,OEM,,,,,,75
GeForce GT 640,GK107,24/04/2012,OEM,,,,,,50
GeForce GT 640,GK107,05/06/2012,$100,,,,,,65
GeForce GT 640,GK107,24/04/2012,OEM,,,,,,75
GeForce GT 640,GK208-400-A1,29/05/2013,,,,,,,49
GeForce GT 645,GF114-400-A1,24/04/2012,OEM,,,,,,140
GeForce GTX 645,GK106,22/04/2013,OEM,,,,,,64
GeForce GTX 650,GK107-450-A2,13/09/2012,$110,,,,,,64
GeForce GTX 650,GK-106-400-A1,27/11/2013,,,,,,,
GeForce GTX 650 Ti,GK106-220-A1,09/10/2012,$150 (130),,,,,,110
GeForce GTX 650 Ti (Boost),GK106-240-A1,26/03/2013,$170 (150),,,,,,134
GeForce GTX 660,GK106-400-A1,13/09/2012,$230 (180),,,,,,140
GeForce GTX 660,GK104-200-KD-A2,22/08/2012,OEM,,,,,,130
GeForce GTX 660 Ti,GK104-300-KD-A2,16/08/2012,$300,,,,,,150
GeForce GTX 670,GK104-325-A2,10/05/2012,$400,,,,,,170
GeForce GTX 680,GK104-400-A2,22/03/2012,$500,,,,,,195
GeForce GTX 690,2x GK104-355-A2,29/04/2012,$1000,,,,,,300
Model,Code name,,Release Price (USD),,,,,,0
Model,Code name,,Release Price (USD),,,,,,0
GeForce GT 705,GF119-300-A1,27/03/2014,OEM,,,,,,29
GeForce GT 710,GK208-301-A1,27/03/2014,OEM,,,,,,
GeForce GT 710,GK208-203-B1,26/01/2016,$35-45,,,,,,19
GeForce GT 720,GK208-201-B1,27/03/2014,$49-59,,,,,,19
GeForce GT 730,GK208-301-A1,18/06/2014,$69-79,,,,,,23
GeForce GT 730,GK208-400-A1,18/06/2014,$69-79,,,,,,25
GeForce GT 730,GF108,18/06/2014,$69-79,,,,,,49
GeForce GT 740,GK107-425-A2,29/05/2014,$89-99,,,,,,64
GeForce GT 740,GK107-425-A2,29/05/2014,$89-99,,,,,,64
GeForce GTX 745,GM107-220-A2,18/02/2014,OEM,,,,,,55
GeForce GTX 750,GM107-300-A2,18/02/2014,$119,,,,,,55
GeForce GTX 750 Ti,GM107-400-A2,18/02/2014,$149,,,,,,60
GeForce GTX 760 (192-bit),GK104-200-KD-A2,17/10/2013,OEM,,,,,,130
GeForce GTX 760,GK104-225-A2,25/06/2013,$249 ($219),,,,,,170
GeForce GTX 760 Ti,GK104,27/09/2013,OEM,,,,,,170
GeForce GTX 770,GK104-425-A2,30/05/2013,$399 ($329),,,,,,230
GeForce GTX 780,GK110-300-A1,23/05/2013,$649 ($499),,,,,,230
GeForce GTX 780 Ti,GK110-425-B1,07/11/2013,$699,,,,,,230
GeForce GTX TITAN,GK110-400-A1,21/02/2013,$999,,,,,,230
GeForce GTX TITAN Black,GK110-430-B1,18/02/2014,$999,,,,,,230
GeForce GTX TITAN Z,2x GK110-350-B1,28/05/2014,$2999,,,,,,375
Model,Code name,,Release Price (USD),,,,,,0
Model,Code name,,Release Price (USD),,,,,,0
GeForce GT 945A,GM108,01/01/2016,,,,,,64,33
GeForce GTX 950,GM206-250,,,,,,,128,90
GeForce GTX 950 (OEM),GM206,,,,,,,128,0
GeForce GTX 960,GM206-300,,,,,,,128,120
GeForce GTX 960 (OEM),GM204,,,,,,,192,0
GeForce GTX 970,GM204-200,,,,,,,224,145
GeForce GTX 980,GM204-400,,,,,,,256,165
GeForce GTX 980 Ti,GM200-310,,,,,,,384,250
GeForce GTX TITAN X,GM200-400,,,,,,,384,250
GeForce GT 1010,GP108-200-A1,13/01/2021,,,,,,64,30
GeForce GT 1010,GP108-200-A1,13/01/2021,,,,,,64,20
GeForce GT 1030,GP108-310-A1,12/03/2018,,,,,,64,20
GeForce GT 1030,GP108-300-A1,17/05/2017,,,,,,64,30
GeForce GTX 1050,GP107-300-A1,25/10/2016,,,,,,128,75
GeForce GTX 1050,GP107-301-A1,21/05/2018,,,,,,96,75
GeForce GTX 1050 Ti,GP107-400-A1,25/10/2016,,,,,,128,75
GeForce GTX 1060,GP104-140-A1,25/12/2016,,,,,,192,120
GeForce GTX 1060,GP106-300-A1,18/08/2016,,,,,,192,120
GeForce GTX 1060,GP106-350-K3-A1,26/12/2017,,,,,,160,120
GeForce GTX 1060,GP104-150-A1,08/03/2018,,,,,,192,120
GeForce GTX 1060,GP104-150-KA-A1,18/10/2018,,,,,,192,120
GeForce GTX 1060,GP106-400-A1,19/07/2016,,,,,,192,120
GeForce GTX 1060,GP106-410-A1,20/04/2017,,,,,,192,120
GeForce GTX 1070,GP104-200-A1,,,,,,,256,150
GeForce GTX 1070 Ti,GP104-300-A1,02/11/2017,,,,,,256,180
GeForce GTX 1080,GP104-400-A1,27/05/2016,,,,,,256,180
GeForce GTX 1080,GP104-410-A1,20/04/2017,,,,,,256,180
GeForce GTX 1080 Ti,GP102-350-K1-A1,05/03/2017,,,,,,352,250
TITAN X Pascal,GP102-400-A1,02/08/2016,,,,,,384,250
TITAN Xp,GP102-450-A1,06/04/2017,,,,,,384,250
Model,Code name,,,,,,,0,0
Model,Code name,,,,,,,0,0
Nvidia Titan V,GV100-400-A1,07/12/2017,,,,,,3072,250
Nvidia Titan V (CEO Edition),GV100-???-A1,21/06/2018,,,,,,4096,250
GeForce GTX 1630,TU117-150-A1,28/06/2022,,,,,,64,75
GeForce GTX 1650,TU117-300-A1,23/04/2019,$149,,,,,128,75
GeForce GTX 1650,TU117-300-A1,03/04/2020,$149,,,,,128,75
GeForce GTX 1650,TU106-125-A1,18/06/2020,$149,,,,,128,90
GeForce GTX 1650 Super,TU116-250-KA-A1,22/11/2019,$159,,,,,128,100
GeForce GTX 1660,TU116-300-A1,14/03/2019,$219,,,,,192,120
GeForce GTX 1660 Super,TU116-300-A1,29/10/2019,$229,,,,,192,125
GeForce GTX 1660 Ti,TU116-400-A1,21/02/2019,$279,,,,,192,120
GeForce RTX 2060,TU106-200-KA-A1,15/01/2019,,,,,,192,160
GeForce RTX 2060,TU104-150-KC-A1,10/01/2020,,,,,,192,160
GeForce RTX 2060,TU106-300-KA-A1,07/12/2021,,,,,,192,185
GeForce RTX 2060 Super,TU106-410-A1,09/07/2019,,,,,,256,175
GeForce RTX 2070,TU106-400-A1,17/10/2018,,,,,,256,175
GeForce RTX 2070 Super,TU104-410-A1,09/07/2019,,,,,,256,215
GeForce RTX 2080,TU104-400-A1,20/09/2018,,,,,,256,215
GeForce RTX 2080 Super,TU104-450-A1,23/07/2019,,,,,,256,250
GeForce RTX 2080 Ti,TU102-300-K1-A1,27/09/2018,,,,,,352,250
Nvidia Titan RTX,TU102-400-A1,18/12/2018,,,,,,384,280
GeForce RTX 3050,GA107-325,02/02/2024,,,,,,96,70
GeForce RTX 3050,GA107-150-A1,16/12/2022,,,,,,128,115
GeForce RTX 3050,GA106-150,18/07/2022,,,,,,128,130
GeForce RTX 3050,GA106-150-A1,27/01/2022,,,,,,128,130
GeForce RTX 3060,GA106-302,27/10/2022,,,,,,128,170
GeForce RTX 3060,GA106-302,,,,,,,192,170
GeForce RTX 3060,GA106-300-A1,25/02/2021,,,,,,192,170
GeForce RTX 3060,GA104-150-A1,01/09/2021,,,,,,192,170
GeForce RTX 3060 Ti,GA104-200-A1,02/12/2020,,,,,,256,200
GeForce RTX 3060 Ti,GA104-202,27/10/2022,,,,,,256,200
GeForce RTX 3070,GA104-300-A1,29/10/2020,,,,,,256,220
GeForce RTX 3070 Ti,GA104-400-A1,10/06/2021,,,,,,256,290
GeForce RTX 3080,GA102-200-A1,17/09/2020,,,,,,320,320
GeForce RTX 3080,GA102-220-A1,27/01/2022,,,,,,384,350
GeForce RTX 3080 Ti,GA102-225-A1,03/06/2021,,,,,,384,350
GeForce RTX 3090,GA102-300-A1,24/09/2020,,,,,,384,350
GeForce RTX 3090 Ti,GA102-350-A1,29/03/2022,,,,,,384,450
GeForce RTX 4060,AD107-400,29/06/2023,,,,,,128,115
GeForce RTX 4060 Ti,AD106-350,24/05/2023,,,,,,128,160
GeForce RTX 4060 Ti,AD106-351,18/07/2023,,,,,,128,160
GeForce RTX 4070,AD104-250,13/04/2023,,,,,,192,200
GeForce RTX 4070 Super,AD104-350,17/01/2024,,,,,,192,220
GeForce RTX 4070 Ti,AD104-400,05/01/2023,,,,,,192,285
GeForce RTX 4070 Ti Super,AD103-275,24/01/2024,,,,,,256,285
GeForce RTX 4080,AD104-400,,,,,,,192,285
GeForce RTX 4080,AD103-300,16/11/2022,,,,,,256,320
GeForce RTX 4080 Super,AD103-400,31/01/2024,,,,,,256,320
GeForce RTX 4090 D,AD102-250,28/12/2023,,,,,,384,425
GeForce RTX 4090,AD102-300,12/10/2022,,,,,,384,450
GeForce RTX 5050,GB207-300,01/07/2025,,,,,,128,130
GeForce RTX 5060,GB206-250,19/05/2025,,,,,,128,145
GeForce RTX 5060 Ti,GB206-300,16/04/2025,,,,,,128,180
GeForce RTX 5060 Ti,GB206-300,16/04/2025,,,,,,128,180
GeForce RTX 5070,GB205-300,,,,,,,192,250
GeForce RTX 5070 Ti,GB203-300,,,,,,,256,300
GeForce RTX 5080,GB203-400,,,,,,,256,360
GeForce RTX 5090,GB202-300,,,,,,,512,575
GeForce2 Go 100,NV11M,06/02/2001,,,8,0.332,,32,
GeForce2 Go,NV11M,11/11/2000,,,16,0.166,,128,
GeForce2 Go 200,NV11M,06/02/2001,,,16,0.332,,64,
GeForce4 Go 410,NV17M,06/02/2002,,,16,0.2,,64,
GeForce4 Go 420,NV17M,06/02/2002,,,32,0.4,,64,
GeForce4 Go 440,NV17M,06/02/2002,,,64,0.44,,128,
GeForce4 Go 460,NV17M,14/10/2002,,,64,0.5,,128,
GeForce4 Go 488,NV18M,,,,64,0.55,,128,
GeForce4 Go 4200,NV28M,14/11/2002,,,64,0.4,,128,
GeForce FX Go 5100,,01/01/2003,,,,,,,
GeForce FX Go 5500,,01/01/2003,,,,,,,
GeForce FX Go 5600,,01/01/2003,,,,,,,
GeForce FX Go 5650,,01/01/2003,,,,,,,
GeForce FX Go 5700,,,,,,,,,
GeForce Go 6100 + nForce Go 430,C51M,,,,0.128,,,64,
GeForce Go 6150 + nForce Go 430,C51M,01/02/2006,,,0.128,,,64,
GeForce Go 6200,NV44M,01/02/2006,,,16,0.6,,32,
GeForce Go 6400,NV44M,01/02/2006,,,16,0.7,,64,
GeForce Go 6600,NV43M,29/09/2005,,,128,0.7,,128,
GeForce Go 6800,NV41M,08/11/2004,,,128,0.7,,256,
GeForce Go 6800 Ultra,NV41M,24/02/2005,,,256,0.7,,256,
GeForce 7000M,MCP67MV,01/02/2006,,,256,,,64,0
GeForce 7150M,MCP67M,01/02/2006,,,256,,,64,0
GeForce Go 7200,G72M,,,,64,0.7,,32,0
GeForce Go 7300,G72M,,,,128,0.7,,64,0
GeForce Go 7400,G72M,,,,64,0.9,,64,0
GeForce Go 7600,G73M,,,,256,1,,128,0
GeForce Go 7600 GT,G73M,,,,256,1.2,,128,0
GeForce Go 7700,G73-N-B1,,,,512,1,,128,0
GeForce Go 7800,G70M,03/03/2006,,,256,1.1,,256,35
GeForce Go 7800 GTX,G70M,,,,256,1.1,,256,65
GeForce Go 7900 GS,G71M,,,,256,1,,256,20
GeForce Go 7900 GTX,G71M,,,,256,1.2,,256,45
GeForce Go 7950 GTX,G71M,,,,512,1.4,,256,45
GeForce 8200M G,"MCP77MV, MCP79MVL",01/01/2008,,0.4,256,0.8,,128,0
GeForce 8400M G,NB8M(G86),01/01/2007,,0.4,128,0.8,,64,10
GeForce 8400M GS,NB8M(G86),01/01/2007,,0.4,128,0.8,,64,11
GeForce 8400M GT,NB8M(G86),01/01/2007,,0.45,256,1.2,,128,14
GeForce 8600M GS,NB8P(G84),01/01/2007,,0.6,256,1.4,,128,20
GeForce 8600M GT,NB8P(G84),01/01/2007,,0.475,256,0.8,,128,20
GeForce 8700M GT,NB8P(G84),01/01/2007,,0.625,256,1.6,,128,29
GeForce 8800M GTS,NB8P(G92),01/01/2007,,0.5,512,1.6,,256,50
GeForce 8800M GTX,NB8P(G92),01/01/2007,,0.5,512,1.6,,256,65
GeForce 9100M G mGPU,"MCP77MH, MCP79MH",01/01/2008,,0.45,256,1.066,,128,12
GeForce 9200M GS,NB9M-GE(G98),01/01/2008,,0.55,256,1.4,,64,13
GeForce 9300M G,NB9M-GE(G86),01/01/2008,,0.4,256,1.2,,64,13
GeForce 9300M GS,NB9M-GE(G98),01/01/2008,,0.55,256,1.4,,64,13
GeForce 9400M G,MCP79MX,,,0.45,256,0.8,,128,12
GeForce 9500M G,NB9P(G96),01/01/2008,,0.5,512,1.6,,128,20
GeForce 9500M GS,NB9P-GV(G96),01/01/2008,,0.475,512,1.4,,128,20
GeForce 9600M GS,NB9P-GE2(G96),01/01/2008,,0.43,1024,0.8,,128,20
GeForce 9600M GT,NB9P-GS(G96),01/01/2008,,0.5,512,1.6,,128,23
GeForce 9650M GS,NB9P-GS1(G84),01/01/2008,,0.625,512,1.6,,128,29
GeForce 9650M GT,NB9P-GT(G96),01/01/2008,,0.55,1024,1.6,,128,23
GeForce 9700M GT,NB9E-GE(G96),,,0.625,512,1.6,,128,45
GeForce 9700M GTS,NB9E-GS(G94),,,0.53,512,1.6,,256,60
GeForce 9800M GS,NB9E-GT(G94),01/01/2008,,0.53,512,1.6,,256,60
GeForce 9800M GTS,NB9E-GT(G94),,,0.6,512,1.6,,256,75
GeForce 9800M GT,NB9E-GT2(G92),,,0.5,512,1.6,,256,65
GeForce 9800M GTX,NB9E-GTX(G92),,,0.5,1024,1.6,,256,75
Model,Code name,,,,0,,,0,0
Model,Code name,,,,0,,,0,0
GeForce G 102M,MCP79XT,08/01/2009,,0.45,512,0.8,,64,14
GeForce G 103M,N10M-GE2(G98),01/01/2009,,0.64,512,1,,64,14
GeForce G 105M,N10M-GE1(G98),08/01/2009,,0.64,,1,,64,14
GeForce G 110M,N10M-GE1(G96b),08/01/2009,,0.4,1024,1,,64,14
GeForce GT 120M,N10P-GV1(G96b),11/02/2009,,0.5,1024,1,,128,23
GeForce GT 130M,N10P-GE1(G96b),08/01/2009,,0.6,1024,1,,128,23
GeForce GTS 150M,N10E-GE1(G94b),03/03/2009,,0.4,1024,1.6,,256,0
GeForce GTS 160M,N10E-GS1(G94b),03/03/2009,,0.6,1024,1.6,,256,60
GeForce G210M,GT218,15/06/2009,,0.625,512,1.6,,64,14
GeForce GT 220M,G96b,,,0.5,1024,1,,128,14
GeForce GT 230M,GT216,15/06/2009,,0.5,1024,1.6,,128,23
GeForce GT 240M,GT216,15/06/2009,,0.55,1024,1.6,,128,23
GeForce GTS 250M,GT215,15/06/2009,,0.5,1024,3.2,,128,28
GeForce GTS 260M,GT215,15/06/2009,,0.55,1024,3.6,,128,38
GeForce GTX 260M,G92b,03/03/2009,,0.55,1024,1.9,,256,65
GeForce GTX 280M,G92b,03/03/2009,,0.585,1024,1.9,,256,75
GeForce GTX 285M,G92b,,,0.6,1024,2,,256,75
GeForce 305M,GT218,10/01/2010,,0.525,512,1.4,,64,14
GeForce 310M,GT218,10/01/2010,,0.625,512,1.6,,64,14
GeForce 315M,GT218,05/01/2011,,0.606,512,1.6,,64,14
GeForce 320M,MCP89,01/04/2010,,0.45,256,1.066,,128,20
GeForce GT 320M,GT216,21/01/2010,,0.5,1024,1.58,,128,14
GeForce GT 325M,GT216,10/01/2010,,0.45,1024,1.6,,128,23
GeForce GT 330M,GT216,10/01/2010,,0.575,1024,1.6,,128,23
GeForce GT 335M,GT215,07/01/2010,,0.45,1024,1.6,,128,28
GeForce GTS 350M,GT215,07/01/2010,,0.5,1024,3.2,,128,28
GeForce GTS 360M,GT215,07/01/2010,,0.5,1024,3.6,,128,38
GeForce 410M,GF119,05/01/2011,,0.575,,1.6,,64,12
GeForce GT 415M,GF108,03/09/2010,,0.5,,1.6,,128,12
GeForce GT 420M,GF108,03/09/2010,,0.5,,1.6,,128,10
GeForce GT 425M,GF108,03/09/2010,,0.56,,1.6,,128,20
GeForce GT 435M,GF108,03/09/2010,,0.65,,1.6,,128,32
GeForce GT 445M,GF106,03/09/2010,,0.59,,1.6,,128,30
GeForce GTX 460M,GF106,03/09/2010,,0.675,,2.5,,192,45
GeForce GTX 470M,GF104,03/09/2010,,0.55,,2.5,,192,45
GeForce GTX 480M,GF100,25/05/2010,,0.425,,2.4,,256,100
GeForce GTX 485M,GF104,05/01/2011,,0.575,,3,,256,100
GeForce GT 520M,GF119,05/01/2011,,0.74,,1.6,,64,12
GeForce GT 520M,GF108,,,0.515,,1.6,,64,20
GeForce GT 520MX,GF119,30/05/2011,,0.9,,1.8,,64,20
GeForce GT 525M,GF108,05/01/2011,,0.6,,1.8,,128,20
GeForce GT 540M,GF108,05/01/2011,,0.672,,1.8,,128,32
GeForce GT 550M,GF108 GF106,05/01/2011,,0.74,,1.8,,128,32
GeForce GT 555M,GF106 GF108,05/01/2011,,0.59,,1.8,,192,30
GeForce GTX 560M,GF116,30/05/2011,,0.775,,2.5,,128,75
GeForce GTX 570M,GF114,28/06/2011,,0.575,,3,,192,75
GeForce GTX 580M,GF114,28/06/2011,,0.62,,3,,256,100
GeForce 610M,GF119 (N13M-GE),01/01/2011,,0.9,,,,64,12
GeForce GT 620M,GF117 (N13M-GS),01/01/2012,,0.625,,,,64,15
GeForce GT 625M,GF117 (N13M-GS),01/01/2012,,0.625,,,,64,15
GeForce GT 630M,GF108 (N13P-GL) GF117,01/01/2012,,0.66,,,,128,33
GeForce GT 635M,GF106 (N12E-GE2) GF116,01/01/2012,,0.675,,,,128,35
GeForce GT 640M LE,GF108 GK107 (N13P-LP),,,0.762,,,,128,32
GeForce GT 640M,GK107 (N13P-GS),,,0.625,,,,128,32
GeForce GT 645M,GK107 (N13P-GS),01/01/2012,,0.71,,,,128,32
GeForce GT 650M,GK107 (N13P-GT),,,0.745,,,,128,45
GeForce GTX 660M,GK107 (N13E-GE),,,0.835,,,,128,50
GeForce GTX 670M,GF114 (N13E-GS1-LP),01/01/2012,,0.62,,,,192,75
GeForce GTX 670MX,GK104 (N13E-GR),01/01/2012,,0.615,,,,192,75
GeForce GTX 675M,GF114 (N13E-GS1),01/01/2012,,0.632,,,,256,100
GeForce GTX 675MX,GK104 (N13E-GSR),01/01/2012,,0.667,,,,256,100
GeForce GTX 680M,GK104 (N13E-GTX),,,0.719,,,,256,100
GeForce GTX 680MX,GK104,,,0.719,,,,256,122
Model,Code name,,,,,,,0,0
Model,Code name,,,,,,,0,0
GeForce 710M,GF117,01/01/2013,,0.8,,,,64,12
GeForce 710M,GK208,,,0.719,,,,64,15
GeForce GT 720M,GF117,,,0.938,,,,64,
GeForce GT 720M,GK208,,,0.719,,,,64,22
GeForce GT 730M,GK208,01/01/2013,,0.719,,,,128,33
GeForce GT 735M,GK208,,,0.889,,,,64,
GeForce GT 740M,GK208,,,0.98,,,,64,
GeForce GT 740M,GK107,,,0.81,,,,128,45
GeForce GT 745M,GK107,,,0.837,,,,128,45
GeForce GT 750M,GK107,,,0.967,,,,128,50
GeForce GT 755M,GK107,,,1.02,,,,128,50
GeForce GTX 760M,GK106,01/01/2013,,0.719,,,,128,55
GeForce GTX 765M,GK106,01/01/2013,,0.863,,,,128,65
GeForce GTX 770M,GK106,01/01/2013,,0.797,,,,192,75
GeForce GTX 780M,GK104,01/01/2013,,0.797,,,,256,122
Model,Code name,,,,,,,0,0
Model,Code name,,,,,,,0,0
GeForce 810M,GF117,01/01/2014,,0.738,,,,64,15
GeForce 820M,GF117,01/01/2014,,0.719,,,,64,15
GeForce 825M,GK208,,,0.85,,,,64,33
GeForce 830M,GM108,,,1.029,,,,64,25
GeForce 840M,GM108,,,1.029,,,,64,30
GeForce 845M,GM108,,,1.071,,,,64,33
GeForce 845M,GM107,,,0.863,,,,64,45
GeForce GTX 850M,GM107,,,0.876,,,,128,40
GeForce GTX 850M,GM107,,,0.936,,,,128,40
GeForce GTX 860M,GM107,,,1.029,,,,128,40
GeForce GTX 860M,GK104,,,0.797,,,,128,75
GeForce GTX 870M,GK104,,,0.941,,,,192,110
GeForce GTX 880M,GK104,,,0.954,,,,256,130
Model,Code name,,,,,,,0,0
Model,Code name,,,,,,,0,0
GeForce 910M,GK208B,13/03/2015,,,,,,64,33
GeForce 920M,GK208,12/03/2015,,,,,,64,33
GeForce 930M,GM108,12/03/2015,,,,,,64,29
GeForce 940M,GM108,12/03/2015,,,,,,64,36
GeForce 940MX,GM108,,,,,,,64,23
GeForce 940MX,GM107,28/06/2016,,,,,,64,23
GeForce GTX 950M,GM107,12/03/2015,,,,,,128,0
GeForce GTX 950M,GM107,12/03/2015,,,,,,128,55
GeForce GTX 960M,GM107,12/03/2015,,,,,,128,65
GeForce GTX 965M,GM204,05/01/2015,,,,,,128,60
GeForce GTX 970M,GM204,07/10/2014,,,,,,192,75
GeForce GTX 980M,GM204,07/10/2014,,,,,,256,100
GeForce GTX 980,GM204,22/09/2015,,,,,,256,165
Model,Code name,,,,,,,0,0
Model,Code name,,,,,,,0,0
GeForce GTX 1050 (Notebook),GP107 (N17P-G0-A1),03/01/2017,,,,,,128,53
GeForce GTX 1050 Ti (Notebook),GP107 (N17P-G1-A1),03/01/2017,,,,,,128,64
GeForce GTX 1060 (Notebook),GP106,16/08/2016,,,,,,192,80
GeForce GTX 1060 Max-Q,GP106,,,,,,,192,80
GeForce GTX 1060 Max-Q,GP106B,,,,,,,192,80
GeForce GTX 1070 (Notebook),GP104/ GP104B,16/08/2016,,,,,,256,115
GeForce GTX 1070 Max-Q,GP104/ GP104B,,,,,,,256,
GeForce GTX 1080 (Notebook),GP104/ GP104B,16/08/2016,,,,,,256,150
GeForce GTX 1080 Max-Q,GP104/ GP104B,,,,,,,256,
Geforce GTX 1630,TU117,28/06/2022,,,,,,64,75
GeForce GTX 1650 (Laptop),TU117,,,,,,,128,50
GeForce GTX 1650 Max-Q,TU117(N18P-G0-MP-A1),,,,,,,128,30
GeForce GTX 1650 Ti Max-Q,TU117,,,,,,,128,35
GeForce GTX 1650 Ti,TU117(N18P-G62-A1),,,,,,,128,55
GeForce GTX 1660 (Laptop),TU116,,,,,,,192,
GeForce GTX 1660 Ti Max-Q,TU116,,,,,,,192,60
GeForce GTX 1660 Ti (Laptop),TU116,,,,,,,192,80
GeForce RTX 2050,GA107 (Ampere),03/01/2022,,,,,,64,30
GeForce RTX 2060,TU106,29/01/2019,,,,,,192,80
GeForce RTX 2060 Max-Q,TU106,29/01/2019,,,,,,192,65
GeForce RTX 2070,TU106,29/01/2019,,,,,,256,115
GeForce RTX 2070 Max-Q,TU106,29/01/2019,,,,,,256,80
GeForce RTX 2070 Super,TU104,02/04/2020,,,,,,256,115
GeForce RTX 2070 Super Max-Q,TU104,02/04/2020,,,,,,256,80
GeForce RTX 2080,TU104,29/01/2019,,,,,,256,150
GeForce RTX 2080 Max-Q,TU104,29/01/2019,,,,,,256,80
GeForce RTX 2080 Super,TU104,02/04/2020,,,,,,256,150
GeForce RTX 2080 Super Max-Q,TU104,02/04/2020,,,,,,256,80
GeForce RTX 3050 Mobile/ Laptop,GA107,11/05/2021,,,,,,128,35
GeForce RTX 3050 Ti Mobile/ Laptop,GA107,11/05/2021,,,,,,128,
GeForce RTX 3060 Mobile/ Laptop,GA106,12/01/2021,,,,,,192,60
GeForce RTX 3070 Mobile/ Laptop,GA104-770-A1,12/01/2021,,,,,,256,80
GeForce RTX 3070 Ti Mobile/ Laptop,GA104,04/01/2022,,,,,,256,
GeForce RTX 3080 Mobile/ Laptop,GA104-775-A1,12/01/2021,,,,,,256,80
GeForce RTX 3080 Ti Mobile/ Laptop,GA103,25/01/2022,,,,,,256,
GeForce RTX 4050 Mobile/ Laptop,AD107 GN21-X2,22/02/2023,,,,,,96,35
GeForce RTX 4060 Mobile/ Laptop,AD107 GN21-X4,22/02/2023,,,,,,128,35
GeForce RTX 4070 Mobile/ Laptop,AD106 GN21-X6,22/02/2023,,,,,,128,35
GeForce RTX 4080 Mobile/ Laptop,AD104 GN21-X9,08/02/2023,,,,,,192,60
GeForce RTX 4090 Mobile/ Laptop,AD103 GN21-X11,08/02/2023,,,,,,256,80
,,17/11/2017,,,,,DDR3 GDDR5,64,30
,,17/11/2017,,,,,DDR3 GDDR5,64,30
,,17/05/2017,,,,,GDDR5,64,10
,,17/05/2017,,,,,GDDR5,64,25
,,20/02/2019,,,,,GDDR5,64,10
,,20/02/2019,,,,,GDDR5,64,10
,,20/02/2019,,,,,GDDR5,64,25
,,12/02/2020,,,,,GDDR5,64,10
,,12/02/2020,,,,,GDDR5,64,15
,,01/08/2020,,,,,GDDR5,64,10
,,01/08/2020,,,,,GDDR6,64,10
,,,,,,,GDDR6,64,15
,,,,,,,GDDR6,64,15
NVS 50,NV18,31/05/2005,,,64,0.2,,32,
NVS 100,NV17,,,,64,0.333,,64,
NVS 200,NV17,,,,64,0.25,,128,
NVS 210S,MCP51,,,,256,,,128,
NVS 280,NV34GL,,,,64,0.25,,128,13
NVS 285,NV44,,,,128,0.275,,128,18
NVS 290,G86-827-A2,,,,256,0.8,,64,21
NVS 295,G98,07/05/2009,,,256,1.4,,64,23
NVS 300,GT218,,,,512,1.58,,64,17.5
NVS 310,GF119,,,,512,1.75,,64,19.5
NVS 315,GF119,,,,1024,1.75,,64,19.5
NVS 400,2x NV17,,,,2,0.332,,2,18
NVS 420,2xG98-850-U2,,,,2,1.4,,2,40
NVS 440,2xNV43,,,,2,0.5,,2,31
NVS 450,2xG98,,,,2,1.4,,2,35
NVS 510,GK107,,,,2048,1.782,,128,35
NVS 810,2x GM107,,,,2,1.8,,2,68
Quadro NVS 110M,G72M,01/06/2006,,,512,0.6,,64,10
Quadro NVS 120M,G72GLM,01/06/2006,,,512,0.7,,64,10
Quadro NVS 130M,G86M,09/05/2007,,,256,0.7,,64,10
Quadro NVS 135M,G86M,09/05/2007,,,256,1.188,,64,10
Quadro NVS 140M,G86M,09/05/2007,,,512,1.2,,64,10
Quadro NVS 150M,G98M,15/08/2008,,,256,1.4,,64,10
Quadro NVS 160M,G98M,15/08/2008,,,256,1.4,,64,12
Quadro NVS 300M,G72GLM,24/05/2006,,,512,1,,64,16
Quadro NVS 320M,G84M,09/06/2007,,,512,1.4,,128,20
Quadro NVS 510M,G72GLM,21/08/2006,,,1024,1.2,,256,45
NVS 2100M,GT218M,07/01/2010,,,512,1.6,,64,14
NVS 3100M,GT218M,07/01/2010,,,512,1.6,,64,14
NVS 4200M,GF119,07/01/2010,,,1024,1.6,,64,25
NVS 5100M,GT216M,22/02/2011,,,1024,1.6,,128,35
NVS 5200M,GF108 GF117,01/06/2012,,,1024,1.8,,64,35
NVS 5400M,GF108 GF117,01/06/2012,,,1024,1.8,,128,35
Quadro2 Go,NV11 GLM,14/08/2001,,,32,0.13,,128,
Quadro4 500 Go GL,NV17 GLM,23/04/2002,,,64,0.22,,128,
Quadro4 700 Go GL,NV28 GLM,05/02/2003,,,64,0.2,,128,
Quadro FX Go 700,NV31 GLM,,,,128,0.59,,128,
Quadro FX Go 1000,NV36 GLM,,,,128,0.57,,128,
Quadro FX Go 1400,NV41 GLM,25/02/2005,,,256,0.59,,256,
Quadro FX 350M,G72GLM,13/03/2006,,,256,0.9,,128,15
Quadro FX 1500M,G71GLM,18/04/2006,,,512,1,,256,15
Quadro FX 2500M,G71GLM,29/09/2005,,,512,1.2,,256,15
Quadro FX 3500M,G71GLM,01/03/2007,,,512,1.2,,256,15
Quadro FX 560,G73GL,20/04/2006,,,128,1.2,,128,30
Quadro FX 4600,G80-850-A2 + NVIO-1-A3,05/03/2007,,,768,1.4,,384,134
Quadro FX 4600 SDI,G80-850-A2 + NVIO-1-A3,05/03/2007,,,768,1.4,,384,154
Quadro FX 5600,G80-875-A2 + NVIO-1-A3,05/03/2007,,,1536,1.6,,384,171
Quadro FX 360M,G86M,09/05/2007,,,256,1.2,,64,17
Quadro FX 560M,G73GLM,,,,512,1.2,,128,35
Quadro FX 1600M,G84M,,,,512,1.6,,128,50
Quadro FX 3600M,G92M,,,,512,1.6,,256,70
Quadro FX 370,G84-825-A2,12/09/2007,,,256,0.8,,64,35
Quadro FX 370 LP,G98,06/11/2008,,,256,1,,64,25
Quadro FX 470,MCP7A-U,12/09/2007,,,0.256,0.8,,128,30
Quadro FX 570,G84-850-A2,12/09/2007,,,256,0.8,,128,38
Quadro FX 1700,G84-875-A2,12/09/2007,,,512,0.8,,128,42
Quadro FX 3700,G92-875-A2,08/01/2008,,,512,1.6,,256,78
Quadro FX 4700X2,2x G92-880-A2,18/04/2008,,,2,1.6,,2,226
Quadro VX 200,G92-851-A2,08/01/2008,,,512,1.6,,256,75
Quadro FX 370M,G98M,15/08/2008,,,256,1.2,,64,20
Quadro FX 570M,G84M,01/06/2007,,,512,1.4,,128,45
Quadro FX 770M,G96M,14/08/2008,,,512,1.6,,128,35
Quadro FX 1700M,G96M,01/10/2008,,,512,1.6,,128,50
Quadro FX 2700M,G94M,14/08/2008,,,512,1.6,,256,65
Quadro FX 3700M,G92M,14/08/2008,,,1024,1.6,,256,75
Quadro FX 380,G96-850-C1,30/03/2009,,,256,1.4,,128,34
Quadro FX 380 LP,GT218GL,01/12/2009,,,512,1.6,,64,28
Quadro FX 580,G96-875-C1,09/04/2009,,,512,1.6,,128,40
Quadro FX 1800,G94-876-B1,30/03/2009,,,768,1.6,,192,59
Quadro FX 3800,G200-835-B3 + NVIO2-A2,30/03/2009,,,1024,1.6,,256,108
Quadro FX 4800,G200-850-B3 + NVIO2-A2,11/11/2008,,,1536,1.6,,384,150
Quadro FX 5800,G200-875-B2 + NVIO2-A2,11/11/2008,,,4096,1.6,,512,189
Quadro CX,GT200GL + NVIO2,11/11/2008,,,1536,1.6,,384,150
Quadro FX 380M,GT218M,07/01/2010,,,512,1.6,,64,25
Quadro FX 880M,GT216M,07/01/2010,,,1024,1.6,,128,35
Quadro FX 1800M,GT215M,15/06/2009,,,1024,1.6,,128,45
Quadro FX 2800M,G92M,01/12/2009,,,1024,2,,256,75
Quadro FX 3800M,G92M,14/08/2008,,,1024,2,,256,100
Quadro 400,GT216GL,05/04/2011,,,,1.54,,64,32
Quadro 600,GF108GL,13/12/2010,,,,1.6,,128,40
Quadro 2000,GF106GL (GF106-875),24/12/2010,,,,2.6,,128,62
Quadro 4000,GF100,02/11/2010,,,,2.8,,256,142
Quadro 5000,GF100,23/02/2011,,,,3,,320,152
Quadro 6000,GF100,10/12/2010,,,,3,,384,204
Quadro 7000,GF110,02/05/2012,,,,3.696,,384,204
Quadro Plex 7000,2x GF100,,,,,3,,2,600
Quadro 500M,GF108,22/02/2011,,,,1.8,,128,35
Quadro 1000M,GF108,13/01/2011,,,,1.8,,128,45
Quadro 2000M,GF106,13/01/2011,,,,1.8,,128,55
Quadro 3000M,GF104,22/02/2011,,,,2.5,,256,75
Quadro 4000M,GF104,22/02/2011,,,,2.5,,256,100
Quadro 5000M,GF100,27/07/2010,,,,2.4,,256,100
Quadro 5010M,GF110,22/02/2011,,,,2.6,,256,100
Quadro 410,GK107,07/08/2012,,,,1.8,,64,38
Quadro K600,GK107,01/03/2013,,,,0.891,,128,41
Quadro K2000,GK107,01/03/2013,,,,1,,128,51
Quadro K2000D,GK107,01/03/2013,,,,1,,128,51
Quadro K4000,GK106,01/03/2013,,,,1.404,,192,80
Quadro K5000,GK104,17/08/2012,,,,1.35,,256,122
Quadro K6000,GK110,23/07/2013,,,,1.502,,384,225
Quadro K420,GK107,22/07/2014,,,,1.8,,128,41
Quadro K620,GM107-850,22/07/2014,,,,0.9,,128,45
Quadro K1200,GM107-860,28/01/2015,,,,1.253,,128,45
Quadro K2200,GM107-875-A2,22/07/2014,,,,1.253,,128,68
Quadro K4200,GK104,22/07/2014,,,,1.35,,256,105
Quadro K5200,GK110B,22/07/2014,,,,1.5,,256,150
Quadro K500M,GK107,01/06/2012,,,,1.6,,64,35
Quadro K1000M,GK107,01/06/2012,,,,1.8,,128,45
Quadro K2000M,GK107,01/06/2012,,,,1.8,,128,55
Quadro K3000M,GK104,01/06/2012,,,,2.8,,256,75
Quadro K4000M,GK104,01/06/2012,,,,2.8,,256,100
Quadro K5000M,GK104,07/08/2012,,,,3,,256,100
Quadro K510M,GK208,23/07/2013,,,,1.2,,64,30
Quadro K610M,GK208,23/07/2013,,,,1.3,,64,30
Quadro K1100M,GK107,23/07/2013,,,,1.4,,128,45
Quadro K2100M,GK106,23/07/2013,,,,1.5,,128,55
Quadro K3100M,GK104,23/07/2013,,,,0.8,,256,75
Quadro K4100M,GK104,23/07/2013,,,,0.8,,256,100
Quadro K5100M,GK104,23/07/2013,,,,0.9,,256,100
Quadro M2000,GM206-875-A1,08/04/2016,$438,,,1.653,,128,75
Quadro M4000,GM204-850-A1,29/06/2015,$791,,,1.503,,256,120
Quadro M5000,GM204-875-A1,29/06/2015,$2857,,,1.653,,256,150
Quadro M6000,GM200GL GM200-880-A1,21/03/2015,$4200 $4999,,,1.653,,384,250
Quadro M500M,GM108,27/04/2016,,1.124,,0.9,,64,25
Quadro M600M,GM107,18/08/2015,,0.876,,1.253,,128,30
Quadro M1000M,GM107,18/08/2015,,,,1.253,,128,40
Quadro M2000M,GM107,03/12/2015,,1.098,,1.253,,128,55
Quadro M3000M,GM204,18/08/2015,,,,1.253,,256,75
Quadro M4000M,GM204,18/08/2015,,,,1.253,,256,100
Quadro M5000M,GM204,18/08/2015,,,,1.253,,256,100
Quadro M520 Mobile,GM108,11/01/2017,,1.176,,5,,64,25
Quadro M620 Mobile,GM107,11/01/2017,,1.018,,5.012,,128,30
Quadro M1200 Mobile,GM107,11/01/2017,,1.148,,5.012,,128,45
Quadro M2200 Mobile,GM206,11/01/2017,,1.037,,5.508,,128,55
Quadro P400,GP107-825,07/02/2017,$120,1.252,,1.003,,64,30
Quadro P600,GP107-850,07/02/2017,$178,1.557,,1.003,,128,40
Quadro P620,GP107-855,01/02/2018,,1.354,,1.003,,128,40
Quadro P1000,GP107-860,07/02/2017,$375,1.481,,1.752,,128,47
Quadro P2000,GP106-875,06/02/2017,$585,1.48,,2.002,,160,75
Quadro P2200,GP106-880-K1-A1,10/06/2019,,1.493,,1.251,,160,75
Quadro P4000,GP104-850-A1,06/02/2017,$815,1.48,,1.901,,256,105
Quadro P5000,GP104-875-A1,01/10/2016,$2499,1.733,,1.126,,256,180
Quadro P6000,GP102-875-A1,01/10/2016,$5999,1.645,,1.126,,384,250
Quadro GP100,GP100-876-A1,01/10/2016,,1.442,,0.703,,4096,235
Quadro P500 Mobile,GP108,05/01/2018,,1.519,,1.253,,64,18
Quadro P600 Mobile,GP107,07/02/2017,,1.62,,1.252,,128,25
Quadro P1000 Mobile,GP107(N18P-Q1-A1),07/02/2017,,1.519,,1.502,,128,40
Quadro P2000 Mobile,GP107(N18P-Q3-A1),06/02/2017,,1.607,,1.502,,128,50
Quadro P3000 Mobile,GP106,11/01/2017,,1.215,,1.752,,192,75
Quadro P4000 Mobile,GP104,11/01/2017,,1.228,,1.5,,256,100
Quadro P4000 Max-Q,GP104,11/01/2017,,1.228,,1.502,,256,80
Quadro P5000 Mobile,GP104,11/01/2017,,1.506,,1.5,,256,100
Quadro P3200 Mobile,GP104,21/02/2018,,1.543,,1.752,,192,75
Quadro P4200 Mobile,GP104,21/02/2018,,1.594,,1.753,,256,100
Quadro P4200 Max-Q,GP104,21/02/2018,,1.48,,1.753,,256,100
Quadro P5200 Mobile,GP104,21/02/2018,,1.759,,1.804,,256,100
Quadro P5200 Max-Q,GP104,21/02/2018,,1.48,,1.804,,256,100
Quadro RTX 4000,TU104-850-A1,13/11/2018,$899,1.545,,1.625,,256,100
Quadro RTX 5000,TU104-875-A1,13/08/2018,$2299,1.815,,1.75,,256,125
Quadro RTX 6000,TU102-875-A1,13/08/2018,$6299,1.77,,1.75,,384,100
Quadro RTX 8000,TU102-875-A1,13/08/2018,$9999,1.77,,1.75,,384,100
NVIDIA T400,TU117,06/05/2021,,1.425,,,,64,30
NVIDIA T600,TU117-850-A1,,,1.335,,,,128,40
NVIDIA T1000,TU117,06/05/2021,,1.395,,,,128,50
Quadro T500 Mobile,TU117 (N19P-Q1-A1),02/12/2020,,1.695,,1.25,,64,25
Quadro T500 Mobile,TU117 (N19P-Q1-A1),02/12/2020,,1.695,,1.25,,64,18
Quadro T550 Mobile,TU117,,,1.665,,1.5,,64,23
Quadro T600 Mobile,TU117,12/04/2021,,1.41,,1.5,,128,40
Quadro T1000 Mobile,TU117 (N19P-Q1-A1),27/05/2019,,1.455,,2,,128,40
Quadro T1200 Mobile,TU117,12/04/2021,,1.785,,1.5,,128,18
Quadro T2000 Mobile,TU117 (N19P-Q3-A1),27/05/2019,,1.785,,2.001,,128,60
Quadro T2000 Max-Q,TU117,27/05/2019,,1.395,,1.25,,128,40
Quadro RTX 3000 Mobile,TU106 (N19E-Q1-KA-K1),27/05/2019,,1.38,,1.75,,256,60
Quadro RTX 3000 Max-Q,TU106,27/05/2019,,1.215,,1.625,,256,60
Quadro RTX 4000 Mobile,TU104 (N19E-Q3-A1),27/05/2019,,1.56,,1.75,,256,110
Quadro RTX 4000 Max-Q,TU104,27/05/2019,,1.38,,1.625,,256,80
Quadro RTX 5000 Mobile,TU104 (N19E-Q5-A1),27/05/2019,,1.53,,1.75,,256,110
Quadro RTX 5000 Max-Q,TU104,27/05/2019,,1.35,,1.5,,256,80
Quadro RTX 6000 Mobile,TU102,04/09/2019,,1.455,,1.75,,384,80
RTX A400,GA107,16/04/2024,$135,1.762,,1.5,,64,50
RTX A1000,GA107,16/04/2024,$365,1.462,,1.5,,128,50
RTX A2000,GA106-850-A1,10/08/2021,$449,1.2,,1.5,,192,70
RTX A2000,GA106-850-A1,10/08/2021,$449,1.2,,1.5,,192,70
RTX A4000,GA104-875-A1,12/04/2021,$1000,1.56,,1.75,,256,140
RTX A4500,GA102-825-KD-A1,23/11/2021,,1.65,,2,,320,200
RTX A5000,GA102-850-A1,12/04/2021,$2250,1.695,,2,,384,230
RTX A5500,GA102-860-A1,22/03/2022,$3600,1.665,,2,,384,230
RTX A6000,GA102-875-A1,05/10/2020,$4649,1.8,,2,,384,300
RTX A500 Mobile,GA107S,22/03/2022,,1.537,,1.5,,64,60
RTX A1000 Mobile,GA107,30/03/2022,$365,1.14,,1.375,,128,60
RTX A1000 Mobile 6 GB,GA107,30/03/2022,,1.14,,1.375,,96,95
RTX A2000 Mobile,GA106,12/04/2021,,1.687,,1.5,,128,95
RTX A3000 Mobile,GA104-A1,12/04/2021,,1.23,,1.375,,192,70
RTX A3000 Mobile 12 GB,GA104-A1,22/03/2022,,1.44,,1.75,,192,115
RTX A4000 Mobile,GA104-A1,12/04/2021,,1.68,,1.5,,256,140
RTX A4500 Mobile,GA104-A1,22/03/2022,,1.5,,2,,256,140
RTX A5000 Mobile,GA104-A1,12/04/2021,,1.575,,1.75,,256,150
RTX A5500 Mobile,GA103-A1,22/03/2022,,1.5,,2,,256,165
RTX 2000 Ada Generation,AD107-875-A1,12/02/2024,$649,2.13,,2,,128,70
RTX 4000 SFF Ada Generation,AD104,21/03/2023,$1250,1.56,,1.75,,160,70
RTX 4000 Ada Generation,AD104,09/08/2023,$1250,2.175,,1.75,,160,130
RTX 4500 Ada Generation,AD103,09/08/2023,$2250,2.58,,2.25,,192,210
RTX 5000 Ada Generation,AD102-850- KAB-A1,09/08/2023,$4000,2.55,,2.25,,256,250
RTX 5880 Ada Generation,AD102,05/01/2024,$6999,2.46,,2.5,,384,285
RTX 6000 Ada Generation,AD102-870-A1,03/12/2022,$6799,2.505,,2.5,,384,300
RTX 500 Mobile Ada Generation,AD107,01/01/2024,,2.025,,2,,64,35
RTX 1000 Mobile Ada Generation,AD107,01/01/2024,,2.025,,2,,96,35
RTX 2000 Mobile Ada Generation,AD107,01/01/2023,,2.115,,2,,128,35
RTX 3000 Mobile Ada Generation,AD106,01/01/2023,,1.695,,2,,128,35
RTX 3500 Mobile Ada Generation,AD104,01/01/2023,,1.545,,2.25,,192,60
RTX 4000 Mobile Ada Generation,AD104,01/01/2023,,1.665,,2.25,,192,60
RTX 5000 Mobile Ada Generation,AD103,01/01/2023,,2.115,,2.25,,256,60
RTX PRO 4000 Blackwell,GB203,18/03/2025,$1546,2.617,,1.75,,192,140
RTX PRO 4500 Blackwell,GB203,18/03/2025,$2623,2.617,,1.75,,256,200
RTX PRO 5000 Blackwell,GB202,18/03/2025,$4569,2.617,,1.75,,384,300
RTX PRO 6000 Blackwell Max-Q Workstation Edition,GB202,18/03/2025,$8565,2.288,,1.75,,512,300
RTX PRO 6000 Blackwell Workstation Edition,GB202,18/03/2025,$8565,2.617,,1.75,,512,600
RTX PRO 500 Blackwell Mobile,GB207,,,2.52,,1.75,,96,35
RTX PRO 1000 Blackwell Mobile,GB207,,,2.52,,1.75,,128,35
RTX PRO 2000 Blackwell Mobile,GB206,,,1.455,,1.75,,128,45
RTX PRO 3000 Blackwell Mobile,GB205,,,1.447,,1.75,,192,60
RTX PRO 4000 Blackwell Mobile,GB203,,,1.5,,1.75,,256,80
RTX PRO 5000 Blackwell Mobile,GB203,,,1.515,,1.75,,256,95
C870 GPU Computing Module,,02/05/2007,,,1.5,,,384,170.9
D870 Deskside Computer,,02/05/2007,,,2,,,2,520
S870 GPU Computing Server,,02/05/2007,,,4,,,4,
C1060 GPU Computing Module,,09/04/2009,,,4,,,512,187.8
"S1070 GPU Computing Server ""400 configuration""",,01/06/2008,,,4,,,4,800
"S1070 GPU Computing Server ""500 configuration""",,01/06/2008,,,4,,,4,800
S1075 GPU Computing Server,,01/06/2008,,,4,,,4,
Quadro Plex 2200 D2 Visual Computing System,,25/07/2008,,,2,,,2,
Quadro Plex 2200 S4 Visual Computing System,,25/07/2008,,,4,,,4,1200
C2050 GPU Computing Module,,25/07/2011,,,3,,,384,247
M2050 GPU Computing Module,,25/07/2011,,,3,,,384,225
C2070 GPU Computing Module,,25/07/2011,,,6,,,384,247
C2075 GPU Computing Module,,25/07/2011,,,6,,,384,225
M2070/M2070Q GPU Computing Module,,25/07/2011,,,6,,,384,225
M2090 GPU Computing Module,,25/07/2011,,,6,,,384,225
S2050 GPU Computing Server,,25/07/2011,,,4,,,4,900
S2070 GPU Computing Server,,25/07/2011,,,4,,,4,900
K10 GPU accelerator,,01/05/2012,,,2,,,2,225
K20 GPU accelerator,,12/11/2012,,,5,,,320,225
K20X GPU accelerator,,12/11/2012,,,6,,,384,235
K40 GPU accelerator,,08/10/2013,,,12,,,384,235
K80 GPU accelerator,,17/11/2014,,,2,,,2,300
M4 GPU accelerator,,10/11/2015,,,4,,,128,50
M6 GPU accelerator,,30/08/2015,,,8,,,256,75
M10 GPU accelerator,,18/05/2016,,,4,,,4,225
M40 GPU accelerator,,10/11/2015,,,12,,,384,250
M60 GPU accelerator,,30/08/2015,,,2,,,2,225
P4 GPU accelerator,,13/09/2016,,,8,,,256,50
P6 GPU accelerator,,24/03/2017,,,16,,,256,90
P40 GPU accelerator,,13/09/2016,,,24,,,384,250
P100 GPU accelerator (mezzanine),,05/04/2016,,,16,,,4096,300
P100 GPU accelerator (16 GB card),,20/06/2016,,,16,,,4096,250
P100 GPU accelerator (12 GB card),,20/06/2016,,,12,,,3072,250
V100 GPU accelerator (mezzanine),,10/05/2017,,,16,,,4096,300
V100 GPU accelerator (PCIe card),,21/06/2017,,,16,,,4096,250
V100 GPU accelerator (PCIe FHHL card),,27/03/2018,,,16,,,4096,250
T4 GPU accelerator (PCIe card),,12/09/2018,,,16,,,256,70
A2 GPU accelerator (PCIe card),,10/11/2021,,,16,,,128,40
A10 GPU accelerator (PCIe card),,12/04/2021,,,24,,,384,150
A16 GPU accelerator (PCIe card),,12/04/2021,,,4,,,4,250
A30 GPU accelerator (PCIe card),,12/04/2021,,,24,,,3072,165
A40 GPU accelerator (PCIe card),,05/10/2020,,,48,,,384,300
A100 GPU accelerator (PCIe card),,14/05/2020,,,40,,,5120,250
H100 GPU accelerator (PCIe card),,22/03/2022,,,80,,,5120,350
H100 GPU accelerator (SXM card),,22/03/2022,,,64,,,5120,700
H200 GPU accelerator (PCIe card),,18/11/2024,,,141,,,5120,600
H200 GPU accelerator (SXM card),,18/11/2024,,,141,,,5120,700
H800 GPU accelerator (SXM card),,21/03/2023,,,80,,,5120,700
L40 GPU accelerator,,13/10/2022,,,48,,,384,300
L4 GPU accelerator,,21/03/2023,,,24,,,192,72
B100 GPU accelerator,,,,,2,,,2,700
B200 GPU accelerator,,,,,2,,,2,1000
XGPU (Xbox),NV2A,15/11/2001,,,64,0.2,,128,
RSX (PS3),G70,11/11/2006,,,256,0.65,,128,
NX-SoC (Nintendo Switch),GM20B,03/03/2017,,,4096,1.333,,64,
NX-SoC (Nintendo Switch),GM20B,30/08/2019,,,4096,1.333,,64,
Drake (Nintendo Switch 2),GA10F (Ampere),05/06/2025,,,12288,2.133,,128,
5050 Laptop,GB207,01/01/2025,,,8,,GDDR7,128,50
5060 Laptop,GB206,01/01/2025,,,8,,GDDR7,128,45
5070 Laptop,GB206-300,01/01/2025,,,8,,GDDR7,128,50
5070 Ti Laptop,GB205-200,01/01/2025,,,12,,GDDR7,192,60
5080 Laptop,GB203-400,01/01/2025,,,16,,GDDR7,256,80
5090 Laptop,GB203-400,01/01/2025,,,24,,GDDR7,256,95
Wonder MDA/CGA,,01/01/1986,,,,,,8,
Wonder EGA,,01/01/1987,,,,,,8,
Wonder VGA,,01/01/1987,,,,,,8,
Mach 8,,01/01/1991,,,,,,32,
Mach 32,,01/01/1992,,,,,,64,
Mach 64 CX,,01/01/1994,,,,,,64,
Mach 64 GX,,01/01/1994,,,,,,64,
Mach 64 CT,,01/01/1995,,,,,,64,
Mach 64 VT (264VT),,01/01/1995,,,,,,64,
Mach 64 VT2 (264VT2),,01/01/1996,,,,,,64,
Mach 64 VT4 (264VT4),,01/01/1998,,,,,,64,
3D Rage,,01/01/1996,,,2,0.04,,64,
3D Rage II,,01/01/1996,,,2,0.083,,64,
Rage Pro,,01/01/1997,,,4,0.075,,64,6
Rage XL,,01/01/1998,,,8,0.125,,64,9
Rage 128 VR,,01/01/1998,,,8,0.12,,64,
Rage 128 GL,,01/01/1998,,,16,0.103,,128,
Rage 128 Pro,,01/01/1999,,,16,0.143,,128,5
Rage 128 Ultra,,01/01/1999,,,16,0.13,,128,
Rage Fury MAXX,,01/01/1999,,,32,0.143,,128,
Radeon VE / Radeon 7000,RV100 (piglet),19/02/2001,,,32,0.15,,64,10
Radeon LE / Radeon 7100 (OEM),Rage 6 / R100,06/04/2001,,,32,0.15,,128,11
Radeon SDR / Radeon 7200 (SDR),Rage 6 / R100,01/06/2000,,,32,0.166,,128,14
Radeon DDR / Radeon 7200 (DDR),Rage 6 / R100,01/04/2000,,,32,0.166,,128,13
Radeon DDR / Radeon 7200 VIVO,Rage 6 / R100,,,,64,0.166,,128,17
"Radeon DDR / Radeon 7500 VIVO ""SE""",Rage 6 / R100,,,,64,0.2,,128,20
Radeon 7500 LE,RV200 (morpheus),,,,32,0.175,,64,21
Radeon 7500,RV200 (morpheus),14/08/2001,,,32,0.23,,128,23
Radeon 320,A3,01/01/2002,,,,0.2,,64,
Radeon 330,RS200L (wilma),01/01/2002,,,,0.2,,64,
Radeon 340,RS200 (wilma),01/01/2002,,,,0.2,,64,
Radeon 8500,R200 (chaplin),14/08/2001,,,64,0.275,,128,33
Radeon 8500 LE,R200 (chaplin),30/10/2001,,,64,0.2,,128,
Radeon 9000,RV250 (iris),01/08/2002,,,64,0.2,,128,
Radeon 9000 Pro,RV250 (iris),01/08/2002,,,64,0.275,,128,
Radeon 9100,R200 (chaplin),01/04/2003,,,64,0.2,,128,
Radeon 9100,R200 (chaplin),01/04/2003,,,64,0.2,,128,
Radeon 9200,RV280 (argus),01/04/2003,,,64,0.2,,128,
Radeon 9200 SE,RV280 (argus),01/03/2003,,,64,0.166,,64,
Radeon 9250,RV280 (argus),01/03/2004,,,64,0.2,,64,
Radeon 9250 SE,RV280 (argus),,,,64,,,64,
Radeon 9000,RC350,01/01/2003,,,16,0.4,,64,
Radeon 9100,RS300 (superman),01/01/2003,,,16,0.4,,128,
Radeon 9100 Pro,RS350,,,,16,0.4,,128,
Radeon 9500,R300 (Khan),24/10/2002,,,64,0.27,,128,29
Radeon 9500 Pro,R300 (Khan),24/10/2002,,,128,0.27,,128,50
Radeon 9550,RV350 (Shivah),,,,64,0.2,,128,
Radeon 9550 SE,RV350 (Shivah),,,,64,0.2,,64,
Radeon 9600,RV350 (Shivah),,,,128,0.2,,128,17
Radeon 9600 Pro,RV350 (Shivah),06/03/2003,,,128,0.3,,128,19
Radeon 9600 SE,RV350 (Shivah),,,,64,0.2,,64,
Radeon 9600 XT,RV360,30/09/2003,,,128,0.3,,128,20
Radeon 9600 TX,R300 (Khan),,,,128,0.27,,128,
Radeon 9700 TX,R300 (Khan),,,,128,0.263,,256,
Radeon 9700,R300 (Khan),24/10/2002,,,128,0.27,,256,42
Radeon 9700 Pro,R300 (Khan),18/07/2002,,,128,0.31,,256,50
Radeon 9800,R350,,,,128,0.31,,256,40
Radeon 9800 XL,R350,,,,128,0.31,,256,
Radeon 9800 XXL,R360,01/10/2003,,,128,0.338,,256,
Radeon 9800 Pro (R350),R350,01/03/2003,,,128,0.34,,256,53
Radeon 9800 Pro (R360),R360,,,,128,0.34,,256,51
Radeon 9800 SE,R350,01/03/2003,,,128,0.27,,128,50
Radeon 9800 XT,R360,09/09/2003,,,256,0.365,,256,74
Radeon X1050 AGP,RV350 (Shivah),07/12/2006,,,128,0.2,,128,
Model,Code name,,,,0,,,0,0
Model,Code name,,,,0,,,0,0
Radeon X300,RV370 (hari),01/09/2004,,,64,0.2,,128,26
Radeon X300 LE,RV370 (hari),01/09/2004,,,64,0.2,,128,
Radeon X300 SE,RV370 (hari),01/09/2004,,,64,0.2,,64,25
Radeon X300 SE HyperMemory,RV370 (hari),04/04/2005,,,32,0.3,,64,
Radeon X550,RV370 (hari),21/06/2005,,,128,0.25,,128,
Radeon X550 HyperMemory,RV370 (hari),21/06/2005,,,128,0.25,,128,
Radeon X600 SE,RV370 (hari),01/09/2004,,,128,0.25,,64,
Radeon X600,RV370 (hari),01/09/2004,,,128,0.25,,128,30
Radeon X600 Pro (RV370),RV370 (hari),01/09/2004,,,128,0.3,,128,30
Radeon X600 Pro (RV380),RV380 (vishnu),01/09/2004,,,128,0.3,,128,31
Radeon X600 XT,RV380 (vishnu),01/09/2004,,,128,0.37,,128,
Radeon X1050 (RV370),RV370 (hari),07/12/2006,,,128,0.25,,64,
Radeon Xpress X200,RS480 (metallo),08/11/2004,,,16,0.2,,64,
Radeon Xpress 1100 (originally Xpress 200),RS482 (grayskull),,,,16,0.2,,64,
Radeon Xpress 1150 (originally Xpress 200 for Intel),"RC400, RC410, RS400, RS415, RS485",11/03/2005,,,16,0.2,,64,
Radeon X700,RV410 (alto),01/01/2005,,,128,0.35,,128,31
Radeon X700 Pro,RV410 (alto),,,,128,0.432,,128,39
Radeon X800 SE,R420 (loki),01/01/2004,,,256,0.4,,256,
Radeon X800 GT,R420 (loki),,,,256,0.49,,256,35
Radeon X800,R430,01/01/2004,,,256,0.35,,256,
Radeon X800 GTO,R420 (loki),,,,256,0.49,,256,31
Radeon X800 Pro,R420 (loki),,,,256,0.45,,256,49
Radeon X800 XL,R430,,,,256,0.49,,256,57
Radeon X800 XT,R420 (loki),,,,256,0.5,,256,86
Radeon X800 XT PE,R420 (loki),,,,256,0.56,,256,87
Radeon X850 Pro,R481,,,,256,0.52,,256,
Radeon X850 XT,R481,,,,256,0.54,,256,86
Radeon X850 XT PE,R481,,,,256,0.59,,256,
Radeon X550 XT,RV410 (alto),24/01/2007,,,128,0.3,,64,
Radeon X550 XTX,RV410 (alto),24/01/2007,,,128,0.3,,64,
Radeon X700 SE,RV410 (alto),01/04/2005,,,128,0.2,,64,
Radeon X700 LE,RV410 (alto),21/12/2004,,,128,0.25,,64,29
Radeon X1050 (RV410),RV410 (alto),,,,128,0.2,,128,20
Radeon X700,RV410 (alto),,,,128,0.25,,128,31
Radeon X700 Pro,RV410 (alto),21/12/2004,,,128,0.432,,128,39
Radeon X700 XT,RV410 (alto),,,,128,0.525,,128,38
Radeon X740 XL,RV410 (alto),07/03/2005,,,128,0.45,,128,34
Radeon X800 GT 128 MB,R423 R480 (thor),01/08/2005,,,128,0.175,,256,32
Radeon X800 GT 256 MB,R423 R480 (thor),01/08/2005,,,256,0.49,,256,35
Radeon X800,R430 (thor),01/12/2004,,,128,0.35,,256,
Radeon X800 GTO 128 MB,R423 R480 R430 (thor),15/09/2005,,,128,0.35,,256,30
Radeon X800 GTO 256 MB,R423 R480 R430 (thor),15/09/2005,,,256,0.49,,256,31
Radeon X800 Pro,R423 (thor),05/05/2004,,,256,0.45,,256,49
Radeon X800 XL,R430 (thor),01/12/2004,,,256,0.49,,256,56
Radeon X800 XT,R423 (thor),01/12/2004,,,256,0.5,,256,83
Radeon X800 XT Platinum Edition,R423 (thor),05/05/2004,,,256,0.56,,256,88
Radeon X850 Pro,R480 (thor),01/12/2004,,,256,0.52,,256,
Radeon X850 XT,R480 (thor),01/12/2004,,,256,0.54,,256,86
Radeon X850 XT CrossFire Master,R480 (thor),29/09/2004,,,256,0.54,,256,
Radeon X850 XT Platinum Edition,R480 (thor),21/12/2004,,,256,0.59,,256,
Model,Code name,,,,0,,,0,0
Model,Code name,,,,0,,,0,0
Radeon Xpress X1200,RS690C (zeus),28/02/2007,,,256,0.4,,128,
Radeon Xpress X1250,"RS600, RS690 (zeus)",29/08/2006,,,256,0.4,,128,
Radeon Xpress 2100,RS740 (titan),04/03/2008,,,256,0.4,,128,
Radeon X1300,RV515,05/10/2005,$99 (128MB) $129 (256 MB),,128,,,128,
Radeon X1300 HyperMemory,RV515,05/10/2005,$,,128,,,64,
Radeon X1300 PRO,RV515,05/10/2005,$149,,128,,,128,
Radeon X1300 XT,RV530,12/08/2006,$89,,128,,,128,
Radeon X1550,RV516,08/01/2007,$,,128,,,128,
Radeon X1600 PRO,RV530,10/10/2005,$149 (128MB) $199 (256 MB),,128,,,128,
Radeon X1600 XT,RV530,10/10/2005,$249,,256,,,128,
Radeon X1650,RV530,01/02/2007,$,,256,,,128,
Radeon X1650 SE,RV516,,$,,256,,,128,
Radeon X1650 GT,RV560,01/05/2007,$,,256,,,128,
Radeon X1650 PRO,RV535,23/08/2006,$99,,256,,,128,
Radeon X1650 XT,RV560,30/10/2006,$149,,256,,,128,
Radeon X1700 FSC,RV535,05/11/2007,OEM,,256,,,128,
Radeon X1700 SE,RV560,30/11/2007,$,,512,,,128,
Radeon X1800 CrossFire Edition,R520,20/12/2005,$,,512,,,256,
Radeon X1800 GTO,R520,09/03/2006,$249,,256,,,256,
Radeon X1800 XL,R520,05/10/2005,$449,,256,,,256,
Radeon X1800 XT,R520,05/10/2005,$499 (256MB) $549 (512 MB),,256,,,256,
Radeon X1900 CrossFire Edition,R580,24/01/2006,$599,,512,,,256,
Radeon X1900 GT,R580,05/05/2006,$,,256,,,256,
Radeon X1900 GT Rev. 2,R580,07/09/2006,$,,256,,,256,
Radeon X1900 XT,R580,24/01/2006,$549,,256,,,256,
Radeon X1900 XTX,R580,24/01/2006,$649,,512,,,256,
Radeon X1950 CrossFire Edition,R580+,23/08/2006,$449,,512,,,256,
Radeon X1950 GT,RV570,29/01/2007,$140,,256,,,256,
Radeon X1950 PRO,RV570,17/10/2006,$199,,256,,,256,
Radeon X1950 XT,R580+,17/10/2006,$,,256,,,256,
Radeon X1950 XTX,R580+,17/10/2006,$449,,512,,,256,
Model,Code name,,Release price (USD),,0,,,0,
Model,Code name,,Release price (USD),,0,,,0,
Radeon HD 2350,RV610,28/06/2007,,,64,,,,
Radeon HD 2400 PRO,RV610,28/06/2007,$50-55,,128,,,,
Radeon HD 2400 XT,RV610,28/06/2007,$75-85,,256,,,,
Radeon HD 2600 PRO,RV630,28/06/2007,$89-99,,256,,,,
Radeon HD 2600 XT,RV630,28/06/2007,$119 (GDDR3) $149 (GDDR4),,256,,,,
Radeon HD 2900 GT,R600 GT,06/11/2007,$200,,256,,,,
Radeon HD 2900 PRO,R600 PRO,25/09/2007,$250 (GDDR3) $300 (GDDR4),,512,,,,
Radeon HD 2900 XT,R600 XT,14/05/2007,$399,,512,,,,
Radeon HD 3410,RV610,07/05/2009,,,256,,,,
Radeon HD 3450,RV620 LE,23/01/2008,,,256,,,,
Radeon HD 3470,RV620 PRO,23/01/2008,,,256,,,,
Radeon HD 3550,RV620 PRO,04/08/2008,,,512,,,,
Radeon HD 3570,RV620 PRO,05/07/2010,,,512,,,,
Radeon HD 3610,RV630 PRO,24/09/2009,,,512,,,,
Radeon HD 3650,RV635 PRO,23/01/2008,,,256,,,,
Radeon HD 3730,RV635 PRO,05/10/2008,,,512,,,,
Radeon HD 3750,RV635 PRO,05/10/2008,,,512,,,,
Radeon HD 3830,RV670 PRO,01/04/2008,$129,,256,,,,
Radeon HD 3850,RV670 PRO,19/11/2007,$179,,256,,,,
Radeon HD 3870,RV670 XT,19/11/2007,$219,,512,,,,
Radeon HD 3850 X2,RV670 PRO,04/04/2008,$349,,512,,,,
Radeon HD 3870 X2,R680,28/01/2008,$449,,512,,,,
Radeon 3000 Graphics (760G Chipset),RS780L,01/01/2009,,,512,,,,
Radeon 3100 Graphics (780V Chipset),RS780C,01/01/2008,,,512,,,,
Radeon HD 3200 Graphics (780G Chipset),RS780,01/01/2008,,,512,,,,
Radeon HD 3300 Graphics (790GX Chipset),RS780D,01/01/2008,,,512,,,,
All-in-Wonder 128,Rage 4,25/01/1999,,,16,0.09,,128,5
All-in-Wonder VE,RV100,02/12/2002,,,64,0.183,,64,10
All-in-Wonder Radeon,R100,31/07/2000,,,32,0.166,,128,13
All-in-Wonder 7500,RV200,22/01/2002,,,64,0.18,,128,
All-in-Wonder 8500,R200,04/04/2002,,,128,0.275,,128,31
All-in-Wonder 8500 DV,R200,30/08/2001,,,64,0.19,,128,31
All-in-Wonder 9000 Pro,RV250,31/03/2003,,,64,0.225,,128,
All-in-Wonder 9200,RV250,26/01/2004,,,128,0.2,,128,
All-in-Wonder 9200 SE,RV250,,,,128,0.166,,64,
All-in-Wonder 9600,RV350,26/01/2004,,,128,0.4,,128,17
All-in-Wonder 9600 Pro,RV350,05/08/2003,,,128,0.65,,128,19
All-in-Wonder 9600 XT,RV350,26/01/2004,,,128,0.65,,128,20
All-in-Wonder 9700 Pro,R300,30/12/2002,,,128,0.62,,256,50
All-in-Wonder 9800 Pro,R350,07/04/2003,,,128,0.68,,256,52
All-in-Wonder 9800 SE,R350,01/11/2003,,,128,0.68,,128,39
All-in-Wonder X600 Pro,RV370,21/09/2004,,,128,0.6,,128,30
All-in-Wonder X800 GT,R430,08/08/2005,,,128,0.98,,256,35
All-in-Wonder X800 XL,R430,05/07/2005,,,256,0.98,,256,57
All-in-Wonder X800 XT,R420,09/09/2004,,,256,1,,256,81
All-in-Wonder 2006,RV515,22/12/2005,,,256,0.8,,128,23
All-in-Wonder X1800 XL,R520,21/11/2005,,,256,1,,256,78
All-in-Wonder X1900,R580,24/01/2006,,,256,0.96,,256,91
All-in-Wonder HD 3650,RV635,28/06/2008,,,512,1.2,,128,26
Radeon HD 4350,RV710,30/09/2008,,,256,,,64,
Radeon HD 4550,RV710,30/09/2008,,,256,,,64,
Radeon HD 4570,RV710,25/11/2008,,,1024,,,64,
Radeon HD 4580,RV635 PRO,20/11/2011,,,512,,,128,
Radeon HD 4650,RV730 PRO,10/09/2008,,,256,,,64,
Radeon HD 4670,RV730 XT,10/09/2008,$79,,512,,,128,
Radeon HD 4730,RV770 CE,08/06/2009,,,512,,,128,
Radeon HD 4750,RV740,09/09/2009,,,512,,,128,
Radeon HD 4770,RV740,28/04/2009,$109,,512,,,128,
Radeon HD 4810,RV770 CE,28/05/2009,,,512,,,128,
Radeon HD 4830,RV770 LE,21/10/2008,$130,,512,,,256,
Radeon HD 4850,RV770 PRO,25/06/2008,$199,,512,,,256,
Radeon HD 4860,RV790 GT,09/09/2009,,,512,,,256,
Radeon HD 4870,RV770 XT,25/06/2008,$299,,512,,,256,
Radeon HD 4890,RV790 XT,02/04/2009,$249,,1024,,,256,
Radeon HD 4850 X2,R700 (2xRV770 PRO),07/11/2008,$339,,512,,,256,
Radeon HD 4870 X2,R700 (2xRV770 XT),12/08/2008,$449,,1024,,,256,
Model,Code name,,Release price (USD),,0,,,0,
Model,Code name,,Release price (USD),,0,,,0,
Radeon HD 4200 Graphics (785G Chipset),RS880,01/01/2009,,0.5,512,,,,
Radeon HD 4250 Graphics (880G Chipset),RS880,01/01/2010,,0.56,512,,,,
Radeon HD 4290 Graphics (890GX Chipset),RS880D,01/01/2010,,0.7,512,,,,
Radeon HD 5450,Cedar,04/02/2010,~50,,512,,,,
Radeon HD 5550,Redwood LE,09/02/2010,~70,,512,,,,
Radeon HD 5570,Redwood PRO,09/02/2010,80,,512,,,,
Radeon HD 5610,Redwood PRO,14/05/2011,,,1024,,,,
Radeon HD 5670,Redwood XT,14/01/2010,99,,512,,,,
Radeon HD 5750,Juniper PRO,13/10/2009,129,,512,,,,
Radeon HD 5770,Juniper XT,13/10/2009,159,,512,,,,
Radeon HD 5830,Cypress LE,25/02/2010,239,,1024,,,,
Radeon HD 5850,Cypress PRO,30/09/2009,259,,1024,,,,
Radeon HD 5870,Cypress XT,23/09/2009,379,,1024,,,,
Radeon HD 5870 Eyefinity Edition,Cypress XT,11/03/2010,479,,2048,,,,
Radeon HD 5970,Hemlock,18/11/2009,599,,1024,,,,
,,07/04/2011,,0.65,512,0.8,,,
,,07/02/2011,,0.625,512,0.533,,,
,,07/04/2011,,0.625,512,0.8,,,
,,07/02/2011,,0.65,1024,0.9,,,
,,19/04/2011,,0.65,2048,0.667,,,
,,19/04/2011,,0.8,512,0.8,,,
,,21/01/2011,,0.7,512,1.15,,,
,,19/04/2011,,0.85,512,1.2,,,
,,04/04/2011,,0.84,1024,1.05,,,
,,22/10/2010,,0.775,1024,1,,,
,,22/10/2010,,0.9,1024,1.05,,,
,,,,0.75,1024,1.2,,,
,,15/12/2010,,0.8,1024,1.25,,,
,,15/12/2010,,0.88,2048,1.375,,,
,,08/03/2011,,0.83,2,1.25,,,
,,,,,,,,,
E2,WinterPark,01/11/2011,,,,,,,
A4,WinterPark,20/06/2011,,,,,,,
A6,BeaverCreek,20/06/2011,,,,,,,
A8,BeaverCreek,20/06/2011,,,,,,,
,,01/01/2012,OEM,0.4,256,0.4,,,
,,01/01/2012,OEM,0.625,512,0.533,,,
,,01/01/2012,OEM,0.625,512,0.8,,,
,,01/01/2013,OEM,0.65,1024,0.667,,,
,,01/01/2012,OEM,0.65,512,0.9,,,
,,01/01/2012,OEM,0.8,512,1,,,
,,01/01/2013,$60,0.8,1024,1.125,,,
,,01/01/2012,$110,0.8,1024,0.8,,,
,,01/01/2012,$160,1,1024,1.125,,,
,,01/01/2013,$150,1,1024,1.5,,,
,,01/01/2012,$250,0.86,1024,1.2,,,
,,01/01/2012,$350,1,2048,1.2,,,
,,01/01/2012,$270,0.925,2048,1.5,,,
,,01/01/2012,$450,0.8,3072,1.25,,,
,,01/01/2012,$330,0.85,3072,1.25,,,
,,01/01/2011,$550,0.925,3072,1.375,,,
,,01/01/2012,$500,1,3072,1.5,,,
,,01/01/2013,$1000,0.95,2,1.5,,,
,,,Release Price (USD),,0,,,,
,,,Release Price (USD),,0,,,,
Radeon HD 7310,Ontario,06/06/2012,,,,,,,18
Radeon HD 7340,Ontario,06/06/2012,,,,,,,18
Radeon HD 7480D,Scrapper,01/06/2012,,,,,,,65
Radeon HD 7540D,Scrapper,01/06/2012,,,,,,,65
Radeon HD 7560D,Devastator,01/06/2012,,,,,,,65
Radeon HD 7660D,Devastator,01/06/2012,,,,,,,65
,,08/01/2013,,0.4,256,0.4,,,
,,08/01/2013,,0.625,512,0.533,,,
,,08/01/2013,,0.75,1024,0.8,,,
,,23/07/2013,,0.875,1024,0.8,,,
,,08/01/2013,,0.73,2048,0.9,,,
,,08/01/2013,,1,2048,1.15,,,
,,05/09/2013,,0.8,1024,1.125,,,
,,08/01/2013,,1,2048,1.125,,,
,,02/09/2013,,1,2048,1.5,,,
,,08/01/2013,,1,2048,1.2,,,
,,08/01/2013,,0.85,3072,1.25,,,
,,08/01/2013,,1,3072,1.5,,,
,,24/04/2013,,0.95,2,1.5,,,
,,,,,0,,,,
,,,,,0,,,,
,,21/12/2013,,0.625,1024,,,,
,,03/04/2014,,0.625,1024,,,,
,,21/12/2013,,0.775,1024,,,,
,,21/12/2013,,0.875,1024,,,,
,,01/11/2013,,0.73,1024,,,,
,,08/08/2013,,0.73,2048,,,,
,,08/08/2013,,1,1024,,,,
,,21/12/2013,,0.8,1024,,,,
,,10/02/2014,,1,1024,,,,
,,17/12/2013,,1,1024,,,,
,,08/08/2013,,1.1,1024,,,,
,,13/02/2014,,0.9,2048,,,,
,,13/11/2013,,0.9,2048,,,,
,,08/08/2013,,1,2048,,,,
,,04/03/2014,,0.827,3072,,,,
,,08/08/2013,,0.85,3072,,,,
,,02/09/2014,,0.918,2048,,,,
,,,,1.002,3072,,,,
,,05/11/2013,,0.947,4096,,,,
,,24/10/2013,,1,4096,,,,
,,08/04/2014,,1.018,2,,,,
,,,,,0,,,,
,,,,,0,,,,
,,01/01/2015,,0.855,1024,,,,
,,01/01/2015,,0.825,1024,,,,
,,01/01/2015,,0.73,1024,,,,
,,01/01/2015,,1.05,2048,,,,
,,01/01/2015,,1,1024,,,,
,,01/01/2016,,0.925,2048,,,,
,,01/01/2015,,1.05,4096,,,,
,,01/01/2015,,1.05,2048,,,,
,,01/01/2015,,1,2048,,,,
,,01/01/2015,,0.975,2048,,,,
,,01/01/2015,,0.95,2048,,,,
,,01/01/2015,,1,2048,,,,
,,01/01/2015,,0.918,4096,,,,
,,01/01/2015,,0.97,2048,,,,
,,01/01/2015,,0.97,4096,,,,
,,01/01/2015,,1,8192,,,,
,,01/01/2015,,1.05,8192,,,,
,,01/01/2015,,1,4096,,,,
,,01/01/2015,,1,4096,,,,
,,01/01/2015,,1.05,4096,,,,
,,01/01/2016,,1,2,,,,
,,,,,0,,,,
,,,,,0,,,,
,,30/06/2016,,0.73,,,,,
,,30/06/2016,,1.03,,,,,
,,30/06/2016,,0.73,,,,,
,,30/06/2016,,0.92,,,,,
,,30/06/2016,,1.05,,,,,
,,30/06/2016,,1.05,,,,,
,,08/08/2016,,1.09,,,,,
,,21/10/2016,,0.926,,,,,
,,04/08/2016,,0.926,,,,,
,,29/06/2016,,1.12,,,,,
,,18/04/2017,,1.03,1,,,,
,,18/04/2017,,1.024,1,,,,
,,18/04/2017,,1.024,1,,,,
,,18/04/2017,,1.124,2,,,,
,,20/04/2017,,1.1,2,,,,
,,20/04/2017,,1.019,2,,,,
,,11/04/2018,,1.1,2,,,,
,,11/04/2018,,1.019,2,,,,
,,04/07/2017,,1.09,2,,,,
,,04/07/2017,,1.09,2,,,,
,,18/04/2017,,1.175,2,,,,
,,13/03/2019,,0.973,4,,,,
,,18/04/2017,,1.168,4,,,,
,,15/10/2018,,1.168,4,,,,
,,18/04/2017,,1.257,4,,,,
,,,,1.257,8,,,,
,,15/11/2018,,1.469,8,,,,
,,,,,0,,,,
,,,,,0,,,,
,,28/08/2017,,1.156,8,,,,
,,14/08/2017,,1.247,8,,,,
,,14/08/2017,,1.406,8,,,,
,,,,,,,,,
,,28/08/2020,,1.327,3,,,,
,,07/10/2019,,1.67,4,,,,
,,07/10/2019,,1.67,4,,,,
,,07/12/2019,,1.717,4,,,,
,,21/01/2020,,1.375,6,,,,
,,21/01/2020,,1.375,6,,,,
,,07/07/2019,,1.465,8,,,,
,,07/07/2019,,1.605,8,,,,
,,07/07/2019,,1.68,8,,,,
,,,,,,,,,
,,04/01/2022,,1,2,,,,
,,19/01/2022,,1.923,4,,,,
,,19/01/2022,,2.31,4,,,,
,,13/10/2021,,1.626,8,,,,
,,11/08/2021,,1.968,8,,,,
,,10/05/2022,,2.055,8,,,,
,,09/06/2021,,1.941,10,,,,
,,18/10/2023,,1.941,10,,,,
,,18/03/2021,,2.321,12,,,,
,,18/10/2023,,2.321,12,,,,
,,10/05/2022,,2.15,12,,,,
,,18/11/2020,,1.7,16,,,,
,,18/11/2020,,1.825,16,,,,
,,08/12/2020,,1.825,16,,,,
,,10/05/2022,,1.89,16,,,,
,,,,,,,,,
,,10/08/2025,,1.1,8,,,,
,,25/05/2023,,1.72,8,,,,
,,07/02/2025,,1.72,8,,,,
,,24/01/2024,,1.72,16,,,,
,,06/09/2023,,1.9,12,,,,
,,06/09/2023,,1.8,16,,,,
,,27/07/2023,,1.27,16,,,,
,,13/12/2022,,1.5,20,,,,
,,13/12/2022,,1.9,24,,,,
Rage LT (Rage II),,01/01/1996,,,4,0.066,,64,
Rage LT Pro (Rage Pro),,01/01/1997,,,8,0.1,,64,
Rage Mobility M/P (Rage Pro),,01/01/1998,,,8,,,64,
Rage Mobility M1 (Rage Pro),,01/01/1999,,,8,0.09,,64,
Rage 128 GL,,01/01/1998,,,32,0.103,,128,
Rage Mobility 128 (Rage 128 Pro),,01/01/1999,,,16,0.105,,128,
Rage Mobility M3 (AGP 4×) (Rage 128 Pro),,01/01/1999,,,16,0.105,,128,
Rage Mobility M4 (AGP 4×) (Rage 128 Pro),,01/01/1999,,,32,0.105,,128,
Mobility Radeon 7000,RV100,01/01/2001,,,8,0.144,,32,
Mobility Radeon 7500,RV200,01/01/2001,,,32,0.2,,64,
Mobility Radeon 9000,RV250,01/01/2002,,,32,0.2,,64,
Mobility Radeon 9200,RV280,01/01/2003,,,32,0.2,,64,
Mobility Radeon 9500,RV360,01/01/2004,,,64,,,64,
Mobility Radeon 9550,RV360,01/01/2005,,,64,0.183,,64,
Mobility Radeon 9600,RV350,01/01/2003,,,64,0.3,,64,
Mobility Radeon 9600 Pro,RV350,01/01/2004,,,128,0.35,,128,
Mobility Radeon 9700,RV360,01/01/2004,,,128,0.275,,128,
Mobility Radeon 9800,R420,01/01/2004,,,256,0.3,,256,
Mobility Radeon X300,RV370,01/01/2005,,,128,0.25,,64,
Mobility Radeon X600,RV380,01/01/2004,,,64,0.25,,128,
Mobility Radeon X700,RV410,01/01/2005,,,128,0.35,,128,
Mobility Radeon X800,R423,01/01/2004,,,256,0.4,,256,
Mobility Radeon X800 XT,R423,01/01/2005,,,256,0.55,,256,
Mobility Radeon X1300,RV515,19/01/2006,,,128,0.25,,128,
Mobility Radeon X1350,RV515,18/09/2006,,,128,0.35,,128,
Mobility Radeon X1400,RV515,19/01/2006,,,128,0.25,,128,
Mobility Radeon X1450,RV515,18/09/2006,,,128,0.45,,128,
Mobility Radeon X1600,RV530,01/02/2006,,,256,0.375,,128,
Mobility Radeon X1700,RV535,01/02/2006,,,256,0.4,,128,
Mobility Radeon X1800,R520,01/03/2006,,,256,0.5,,256,
Mobility Radeon X1800 XT,R520,01/03/2006,,,256,0.65,,256,
Mobility Radeon X1900,RV570,11/01/2007,,,256,0.47,,256,
Mobility Radeon X2300,RV515,01/03/2007,,,128,0.4,,64,
Mobility Radeon X2500,RV530,01/06/2007,,,256,0.4,,128,
Mobility Radeon HD 2300,RV515,01/03/2007,,,128,0.4,,64,
Mobility Radeon HD 2400,RV610,14/05/2007,,,256,0.4,,64,
Mobility Radeon HD 2400 XT,RV610,14/05/2007,,,256,0.4,,64,
Mobility Radeon HD 2600,RV630,14/05/2007,,,256,0.4,,128,
Mobility Radeon HD 2600 XT,RV630,14/05/2007,,,256,0.75,,128,
Mobility Radeon HD 2700,RV630,12/12/2007,,,256,0.7,,128,
Mobility Radeon HD 3100,RV620,01/08/2008,,,512,0.8,,64,
Mobility Radeon HD 3200,RV620,04/06/2008,,,512,0.8,,64,
Mobility Radeon HD 3410,RV620,25/07/2008,,,256,0.4,,64,
Mobility Radeon HD 3430,RV620,25/07/2008,,,256,0.4,,64,
Mobility Radeon HD 3450,RV620,07/01/2008,,,256,0.4,,64,
Mobility Radeon HD 3470,RV620,07/01/2008,,,256,0.4,,64,
Mobility Radeon HD 3650,RV635,07/01/2008,,,512,0.5,,128,
Mobility Radeon HD 3670,RV635,07/01/2008,,,512,0.8,,128,30
Mobility Radeon HD 3850,RV670,04/06/2008,,,512,0.75,,256,
Mobility Radeon HD 3870,RV670,04/06/2008,,,512,0.85,,256,55
Mobility Radeon HD 3850 X2,R680,05/06/2008,,,2,0.75,,2,
Mobility Radeon HD 3870 X2,R680,01/09/2008,,,2,0.85,,2,110
Mobility Radeon HD 4200,RV620,10/09/2009,,,512,0.8,,64,
Mobility Radeon HD 4225,RV620,01/05/2010,,,512,0.8,,64,
Mobility Radeon HD 4250,RV620,01/05/2010,,,512,0.8,,64,
Mobility Radeon HD 4270,RV620,01/05/2010,,,512,0.8,,64,
Mobility Radeon HD 4330,RV710,09/01/2009,,,512,0.6,,64,
Mobility Radeon HD 4530,RV710,09/01/2009,,,512,0.7,,64,
Mobility Radeon HD 4550,RV710,01/01/2010,,,512,0.7,,64,
Mobility Radeon HD 4570,RV710,09/01/2009,,,512,0.8,,64,
Mobility Radeon HD 4650,RV730,09/01/2009,,,512,0.6,,128,
Mobility Radeon HD 4670,RV730,09/01/2009,,,512,0.8,,128,
Mobility Radeon HD 4830,RV740,03/03/2009,,,512,0.8,,128,
Mobility Radeon HD 4850,RV770,09/01/2009,,,1024,0.85,,256,
Mobility Radeon HD 4860,RV740,03/03/2009,,,1024,1,,128,
Mobility Radeon HD 4870,RV770,09/01/2009,,,512,0.888,,256,
Mobility Radeon HD 4870 X2,RV770,09/01/2009,,,2048,0.7,,2,
Mobility Radeon HD 530v,RV710,05/05/2010,,,1024,0.6,,64,10
Mobility Radeon HD 545v,RV710,05/05/2010,,,512,0.4,,64,15
Mobility Radeon HD 550v,RV730,05/05/2010,,,1024,0.6,,128,10
Mobility Radeon HD 560v,RV730,05/05/2010,,,1024,0.8,,128,15
Mobility Radeon HD 565v,RV730,05/05/2010,,,1024,0.8,,128,20
Mobility Radeon HD 5145,RV710,07/01/2010,,,1024,0.9,,64,15
Mobility Radeon HD 5165,RV730,07/01/2010,,,1024,0.9,,128,35
Mobility Radeon HD 5430,Cedar (RV 810),07/01/2010,,,1024,0.8,,64,7
Mobility Radeon HD 5450,Cedar (RV 810),07/01/2010,,,1024,0.8,,64,11
Mobility Radeon HD 5470,Cedar (RV 810),07/01/2010,,,1024,0.8,,64,13
Mobility Radeon HD 5650,Redwood (RV 830),07/01/2010,,,1024,0.8,,128,15
Mobility Radeon HD 5730,Redwood (RV 830),07/01/2010,,,1024,0.8,,128,26
Mobility Radeon HD 5750,Redwood (RV 830),07/01/2010,,,1024,0.8,,128,25
Mobility Radeon HD 5770,Redwood (RV 830),07/01/2010,,,1024,0.8,,128,30
Mobility Radeon HD 5830,Juniper (RV 840),07/01/2010,,,1024,0.8,,128,24
Mobility Radeon HD 5850,Juniper (RV 840),07/01/2010,,,2048,0.9,,128,31
Mobility Radeon HD 5870,Juniper (RV 840),07/01/2010,,,1024,1,,128,50
Model,Code name,,,,0,,,0,0
Model,Code name,,,,0,,,0,0
Radeon HD 6330M (Robson LP),,01/01/2010,,0.5,1024,0.8,,,7
Radeon HD 6350M (Robson Pro),,01/01/2010,,0.5,1024,0.8,,,7
Radeon HD 6370M (Robson XT),,01/01/2010,,0.75,1024,0.9,,,11
Radeon HD 6430M (Seymour LP),,01/01/2011,,0.48,1024,0.8,,,0
Radeon HD 6450M (Seymour Pro),,01/01/2011,,0.6,1024,0.8,,,0
Radeon HD 6470M (Seymour XT),,01/01/2011,,0.7,1024,0.8,,,0
Radeon HD 6490M (Seymour XT),,01/01/2011,,0.8,512,0.8,,,0
Radeon HD 6530M (Capilano Pro),,01/01/2010,,0.5,1024,0.9,,,26
Radeon HD 6550M (Capilano Pro),,01/01/2010,,0.6,1024,0.9,,,26
Radeon HD 6570M (Capilano XT),,01/01/2010,,0.65,1024,0.9,,,30
Radeon HD 6630M (Whistler LP),,01/01/2011,,0.485,256,0.8,,,0
Radeon HD 6650M (Whistler Pro),,01/01/2011,,0.6,1024,0.9,,,0
Radeon HD 6730M (Whistler XT),,01/01/2011,,0.725,1024,0.8,,,0
Radeon HD 6750M (Whistler Pro),,01/01/2011,,0.6,256,0.8,,,0
Radeon HD 6770M (Whistler XT),,01/01/2011,,0.725,1024,0.9,,,0
Radeon HD 6830M (Granville Pro),,01/01/2011,,0.575,2048,0.8,,,39
Radeon HD 6850M (Granville XT),,01/01/2011,,0.675,2048,0.8,,,50
Radeon HD 6850M (Granville Pro),,01/01/2011,,0.575,1024,0.8,,,39
Radeon HD 6870M (Granville XT),,01/01/2011,,0.675,1024,1,,,50
Radeon HD 6950M (Blackcomb Pro),,01/01/2011,,0.58,2048,0.9,,,50
Radeon HD 6970M (Blackcomb XT),,01/01/2011,,0.68,2048,0.9,,,75
Radeon HD 6990M (Blackcomb XTX),,01/01/2011,,0.715,2048,0.9,,,75
,,01/01/2012,,0.6,,,,,7
,,01/01/2012,,0.7,,,,,7
,,01/01/2012,,0.75,,,,,7
,,01/01/2012,,0.8,,,,,9
,,01/01/2012,,0.45,,,,,11
,,01/01/2012,,0.45,,,,,11
,,01/01/2012,,0.45,,,,,13
,,01/01/2012,,0.45,,,,,13
,,01/01/2012,,0.6,,,,,18
,,01/01/2012,,0.45,,,,,20
,,01/01/2012,,0.45,,,,,20
,,01/01/2012,,0.45,,,,,20
,,01/01/2012,,0.6,,,,,20
,,01/01/2012,,0.725,,,,,20
,,01/01/2012,,0.725,,,,,25
,,01/01/2012,,0.575,,,,,25
,,01/01/2012,,0.575,,,,,28
,,01/01/2012,,0.675,,,,,32
,,01/01/2012,,0.675,,,,,40
,,01/01/2012,,0.8,,,,,40
,,01/01/2012,,0.85,,,,,75
,,01/01/2012,,,,,,,
,,01/01/2012,,,,,,,
,,01/01/2012,,,,,,,
,,01/01/2012,,,,,,,
,,01/01/2012,,,,,,,
,,01/01/2012,,,,,,,
,,01/01/2012,,,,,,,
,,01/01/2012,,,,,,,
,,01/01/2013,,0.65,,0.9,,,0
,,01/01/2013,,0.65,,1.125,,,0
,,01/01/2013,,0.775,,0.9,,,0
,,01/01/2013,,0.775,,1.125,,,0
,,01/01/2013,,0.65,,1,,,0
,,01/01/2013,,0.62,,1,,,0
,,01/01/2013,,0.775,,1.125,,,0
,,01/01/2013,,0.85,,1.125,,,0
,,01/01/2013,,0.575,,1,,,0
,,01/01/2013,,0.575,,1,,,0
,,01/01/2013,,0.725,,1,,,0
,,01/01/2013,,0.85,,1.2,,,100
,,01/01/2014,,0.78,,,,,0
,,01/01/2014,,0.925,,,,,0
,,01/01/2014,,0.62,,,,,0
,,01/01/2014,,0.62,,,,,0
,,01/01/2014,,0.725,,,,,0
,,01/01/2014,,0.575,,,,,0
,,01/01/2014,,0.725,,,,,0
,,01/01/2014,,0.9,,,,,50
,,01/01/2015,,1,,,,,75
,,01/01/2014,,0.85,,,,,100
,,01/01/2014,,0.75,,,,,250
,,01/01/2015,,1.03,,,,,18
,,01/01/2015,,1.07,,,,,0
,,01/01/2015,,1.125,,,,,0
,,01/01/2015,,0.925,,,,,50
,,01/01/2015,,0.8,,,,,40
,,01/01/2015,,1.015,,,,,0
,,01/01/2015,,1.015,,,,,0
,,01/01/2015,,0.9,,,,,0
,,01/01/2015,,1.1,,,,,75
,,01/01/2015,,0.958,,,,,100
,,01/01/2015,,0.723,,,,,125
,,01/01/2015,,0.834,,,,,125
,,01/01/2015,,0.909,,,,,125
,,01/01/2016,,0.78,,1,,,20
,,01/01/2016,,1.03,,1,,,18
,,01/01/2016,,0.78,,1,,,20
,,01/01/2016,,1.021,,1,,,20
,,01/01/2016,,0.78,,1,,,20
,,01/01/2016,,1.1,,0.9,,,0
,,01/01/2016,,,,1.75,,,35
,,01/01/2016,,0.825,,1.15,,,0
,,01/01/2016,,0.9,,1.125,,,0
,,01/01/2016,,0.9,,1.5,,,75
,,01/01/2016,,1,,1.5,,,75
,,01/01/2016,,,,1.65,,,85
,,,,,,,,,35
,,01/01/2016,,0.723,,1.25,,,100
,,01/01/2017,,1.03,,1,,,50
,,01/01/2017,,1.03,,1.125,,,50
,,01/01/2017,,0.73,,0.9,,,50
,,01/01/2017,,0.73,,1.125,,,50
,,01/01/2017,,1.124,,1.5,,,50
,,01/01/2018,,1.124,,1.5,,,50
,,01/01/2017,,1.1,,1.5,,,50
,,01/01/2018,,1.1,,1.5,,,50
,,01/01/2017,,0.784,,1.71,,,55
,,01/01/2017,,1,,1.5,,,55
,,01/01/2017,,1.09,,1.5,,,65
,,01/01/2019,,1.223,,1.75,,,65
,,01/01/2017,,0.926,,1.65,,,85
,,01/01/2017,,1,,2,,,100
,,01/01/2018,,1,,2,,,100
FireGL 8700,,01/01/2001,,,64,0.27,,64,
FireGL 8800,,01/01/2001,,,128,0.29,,64,
FireGL T2-64,,01/01/2003,,,64,0.2,,128,
FireGL T2-128,,01/01/2003,,,128,0.32,,128,
FireGL Z1-128,,01/01/2002,,,128,0.31,,256,
FireGL X1-128,,01/01/2002,,,128,0.31,,256,
FireGL X1-256,,01/01/2002,,,256,0.31,,256,
FireGL X2-256,,01/01/2003,,,256,0.35,,256,
FireGL X2-256T,,01/01/2003,,,256,0.344,,256,
FireGL X3-256,,01/01/2004,,,256,0.45,,256,
FireGL V3100,,01/01/2005,,,128,0.2,,128,
FireGL V3200,,01/01/2005,,,128,0.4,,128,
FireGL V3300,,01/01/2006,,,128,0.4,,64,
FireGL V3350,,01/01/2006,,,256,0.4,,64,
FireGL V3400,,01/01/2006,,,128,0.5,,128,
FireGL V3600,,01/01/2007,,,256,0.5,,128,
FireGL V5000,,01/01/2005,,,128,0.43,,128,
FireGL V5100,,01/01/2005,,,128,0.35,,256,
FireGL V5200,,01/01/2005,,,256,0.7,,128,
FireGL V5600,,01/01/2007,,,512,1.1,,128,
FireGL V7100,,01/01/2005,,,256,0.45,,256,
FireGL V7200,,01/01/2006,,,256,0.65,,256,
FireGL V7300,,01/01/2006,,,512,0.65,,256,
FireGL V7350,,01/01/2006,,,1024,0.65,,256,
FireGL V7400,,01/01/2006,,,512,0.65,,256,
FireGL V7600,,01/01/2007,,,512,0.8,,256,
FireGL V7700,,01/01/2007,,,512,1.125,,256,
FireGL V8600,,01/01/2007,,,1024,0.868,,512,
FireGL V8650,,01/01/2007,,,2048,0.868,,512,
FireMV 2200 PCI,,01/01/2006,,,64,0.2,,64,
FireMV 2200 PCIe,,01/01/2006,,,128,0.196,,64,
FireMV 2260,,01/01/2008,,,256,0.5,,256,
FireMV 2400 PCI,,01/01/2008,,,128,0.5,,128,
FireMV 2400 PCIe,,01/01/2008,,,256,0.5,,128,
FirePro 2250,,01/01/2007,,,256,0.5,,256,
FirePro 2270,,01/01/2011,,,512,0.6,,64,
FirePro 2450 Multi-View,,01/01/2009,,,512,0.6,,256,
FirePro 2460 Multi-View,,01/01/2010,,,512,0.5,,64,
FirePro 3D V3700,RV620 PRO,08/08/2008,,,256,,,64,32
FirePro 3D V3750,RV730 PRO,11/09/2008,,,256,,,128,48
FirePro 3D V3800,Redwood Pro GL (RV830),26/04/2010,,,512,,,64,43
FirePro 3D V4800,Redwood XT GL (RV830),26/04/2010,,,1024,,,128,69
FirePro 3D V5700,RV730 XT,08/08/2008,,,512,,,128,58
FirePro 3D V5800,Juniper XT GL (RV840),26/04/2010,,,1024,,,128,74
FirePro 3D V7750,RV730 XTX,27/03/2009,,,1024,,,128,76
FirePro 3D V7800,Cypress Pro GL (RV870),26/04/2010,,,2048,,,256,138
FirePro 3D V8700,RV770 XT,11/09/2008,,,1024,,,256,151
FirePro 3D V8750,RV770 XT,28/07/2009,,,2048,,,256,154
FirePro 3D V8800,Cypress XT GL (RV870),07/04/2010,,,2048,,,256,208
FirePro 3D V9800,Cypress XT GL (RV870),09/09/2010,,,4096,,,256,225
FirePro V3900,Turks GL,07/02/2012,,,,,,128,50
FirePro V4900,Turks XT GL,01/11/2011,,,,,,128,75
FirePro V5900,Cayman LE GL,24/05/2011,,,,,,256,75
FirePro V7900,Cayman Pro GL,24/05/2011,,,,,,256,150
FirePro W600,Cape Verde Pro GL,13/06/2012,,,,,,128,75
FirePro W5000,Pitcairn LE GL,13/06/2012,,,,,,256,75
FirePro W7000,Pitcairn XT GL,13/06/2012,,,,,,256,150
FirePro W8000,Tahiti PRO GL,14/06/2012,,,,,,256,225
FirePro W9000,Tahiti XT GL,14/06/2012,,,,,,384,274
FirePro D300,Pitcairn XT GL,18/01/2014,,,,,,256,150
FirePro D500,Tahiti LE GL,18/01/2014,,,,,,384,274
FirePro D700,Tahiti XT GL,18/01/2014,,,,,,384,274
FirePro W2100,Oland XT,13/08/2014,,,,,,128,26
FirePro W4100,Cape Verde,13/08/2014,,,,,,128,50
FirePro W5100,Bonaire Pro,13/08/2014,,,,,,128,75
FirePro W7100,Tonga Pro GL,13/08/2014,,,,,,256,150
FirePro W8100,Hawaii Pro GL,26/06/2014,,,,,,512,220
FirePro W9100,Hawaii XT,26/03/2014,,,,,,512,275
,,01/01/2001,,0.28,64,0.2,,,
,,01/01/2002,,0.25,64,0.2,,,
,,01/01/2003,,0.32,128,0.2,,,
,,01/01/2004,,0.45,128,0.225,,,
,,01/01/2004,,0.35,128,0.2,,,
,,01/01/2004,,0.4,128,0.25,,,
,,01/01/2005,,0.35,128,0.425,,,
,,01/01/2006,,0.425,256,0.475,,,
,,01/01/2007,,0.45,256,0.35,,,
,,01/01/2007,,0.5,256,0.4,,,
,,01/01/2008,,0.6,512,0.7,,,
,,01/01/2009,,0.68,256,0.8,,,
,,01/01/2009,,0.68,256,0.8,,,
,,01/01/2010,,0.65,1024,0.8,,,
,,01/01/2011,,0.7,1024,0.9,,,
,,01/01/2011,,0.725,1024,0.9,,,
,,01/01/2009,,0.65,1024,1,,,
,,01/01/2010,,0.7,1024,1,,,
,,01/01/2011,,0.68,2048,0.9,,,
,,01/01/2012,,0.5,1024,0.8,,,
,,01/01/2012,,0.6,2048,1,,,
,,01/01/2012,,0.8,2048,1,,,
,,01/01/2013,,0.67,2048,1,,,
,,01/01/2014,,0.825,2048,1.125,,,
,,01/01/2015,,0.825,2048,0.9,,,
,,01/01/2013,,0.775,2048,1.125,,,
,,01/01/2015,,0.925,2048,1,,,
,,01/01/2014,,0.925,2048,1.125,,,
,,01/01/2013,,1.1,2048,1.375,,,
,,01/01/2015,,1.075,4096,1.375,,,
,,01/01/2014,,1.075,4096,1.375,,,
,,01/01/2015,,0.723,4096,1.25,,,
,,01/01/2006,,,1024,,GDDR3,256,165
,,,,,2048,,GDDR3,256,105
,,,,,1024,,GDDR3,256,150
,,,,,2048,,GDDR5,256,160
,,,,,2048,,GDDR5,256,150
,,,,,4096,,GDDR5,256,225
FirePro RG220,RV711,01/01/2010,,,512,,,64,35
FirePro R5000,Pitcairn LE GL (GCN 1st gen),,,,2048,,,256,150
FirePro S4000x,Venus XT,07/08/2014,,,,,,256,45
FirePro S7000,Pitcairn XT,27/08/2012,,,,,,256,150
FirePro S7100X,Amethyst XT,25/05/2016,,,,,,256,100
FirePro S7150,Tonga PRO GL,01/02/2016,,,,,,256,150
FirePro S7150 X2,2× Tonga PRO GL,01/02/2016,,,,,,256,265
FirePro S9000,Tahiti PRO GL,27/08/2012,,,,,,384,225
FirePro S9050,Tahiti PRO GL,06/08/2014,,,,,,384,225
FirePro S9100,Hawaii Pro GL,02/10/2014,,,,,,512,225
FirePro S9150,Hawaii XT GL,06/08/2014,,,,,,512,235
FirePro S9170,Grenada XT GL,08/07/2015,,,,,,512,275
FirePro S9300 x2,2× Capsaicin XT,31/03/2016,,,,,,2,300
FirePro S10000,2× Zaphod (Tahiti Pro GL),12/11/2012,,,,,,384,375
FirePro S10000 passive,2× Tahiti PRO GL,12/11/2012,,,,,,384,375
Radeon Sky 500,Pitcairn XT,01/01/2013,,,,,,256,150
Radeon Sky 700,Tahiti PRO,01/01/2013,,,,,,384,225
Radeon Sky 900,2× Tahiti PRO,01/01/2013,,,,,,2,300
,,20/06/2017,,1.12,16,,,,
,,20/06/2017,,1,4,,,,
,,20/06/2017,,1.4,16,,,,
,,18/11/2018,,1.45,16,,,,
,,18/11/2018,,1.5,32,,,,
,,16/11/2020,,1,32,,,,
,,22/03/2022,,1,64,,,,
,,08/11/2021,,1,2,,,,
,,08/11/2021,,1,2,,,,
,,06/12/2023,,2.1,128,,,,
,,06/12/2023,,2.1,192,,,,
,,01/01/2007,,,0.128,,GDDR3,64,7
,,01/01/2009,,,0.512,,GDDR3,128,8
,,01/01/2011,,,0.512,,GDDR5,64,19
,,01/01/2015,,,2,,GDDR5,64,20
,,01/01/2011,,,1,,GDDR5,128,37
,,01/01/2014,,,2,,GDDR5,128,37
,,01/01/2015,,,4,,GDDR5,128,75
,,01/01/2015,,,8,,GDDR5,256,95
,,01/01/2017,,,4,,GDDR5,128,35
,,01/01/2017,,,2,,GDDR5,64,35
,,01/01/2017,,,2,,GDDR5,64,35
,,01/01/2017,,,4,,GDDR5,128,50
,,01/01/2017,,,4,,GDDR5,128,50
,,01/01/2016,,,4,,GDDR5,128,50
,,01/01/2019,,,8,,GDDR5,256,75
,,01/01/2016,,,8,,GDDR5,256,95
,,01/01/2019,,,8,,GDDR5,256,130
,,01/01/2020,,,16,,GDDR5,256,135
Project Dolphin (GameCube),Flipper,14/09/2001,,,24,0.324,1T-SRAM SDRAM eDRAM,64,
Xenon (Xbox 360),Xenos GPU TeraScale (HD 2000/3000 based),22/11/2005,,,512,0.7,GDDR3 eDRAM,128,
Revolution (Wii),Hollywood,19/11/2006,,,24,0.486,1T-SRAM GDDR3 eDRAM,64,
Project Café (Wii U),Latte GPU TeraScale (HD 4000 based),18/11/2012,,,2048,0.8,DDR3 eDRAM,64,
Durango (Xbox One),GCN 2,22/11/2013,,,8192,1.067,DDR3 eSRAM,,
Liverpool (PlayStation 4),GCN 2,15/11/2013,,,8192,1.375,GDDR5,256,
Neo (PlayStation 4 Pro),GCN 4,10/11/2016,,,8192,1.7,GDDR5,256,
Scorpio Engine (Xbox One X),GCN 4,07/11/2017,,,12288,1.7,GDDR5,384,
Lockhart (Xbox Series S),RDNA 2,10/11/2020,,,8192,1.75,GDDR6,128,
Anaconda (Xbox Series X),RDNA 2,10/11/2020,,,10240,1.75,GDDR6,320,
Oberon (PlayStation 5),RDNA 2,12/11/2020,,,16384,1.75,GDDR6,256,
Aerith (Steam Deck),RDNA 2,,,,16384,2.75,LPDDR5,128,
Radeon 740M - Phoenix (ROG Ally),RDNA 3,,,,16384,3.2,LPDDR5,128,
Radeon 780M - Phoenix (ROG Ally Extreme),RDNA 3,,,,16384,3.2,LPDDR5,128,
Viola (PlayStation 5 Pro),RDNA 3,07/11/2024,,,16384,2.25,GDDR6 DDR5,256,
Code Name (Console Model),GPU Code Name and/or Architecture,,,,0,,RAM type,0,
Code Name (Console Model),GPU Code Name and/or Architecture,,,,0,,Memory,0,
Iris X MAX,,01/11/2020,,,4,,,128,
Iris X,,26/01/2021,,,4,,,128,
Arc 3,ACM-G11 (DG2-128),28/09/2022,$110,2,4,,GDDR6,64,75
Arc 3,ACM-G11 (DG2-128),14/06/2022,$139,2,6,,GDDR6,96,75
Arc 5,ACM-G10 (DG2-512),10/10/2023,$179,1.7,8,,GDDR6,256,175
Arc 7,ACM-G10 (DG2-512),14/10/2022,$289,2.05,8,,GDDR6,256,225
Arc 7,ACM-G10 (DG2-512),14/10/2022,$329,2.1,8,,GDDR6,256,225
Arc 7,ACM-G10 (DG2-512),14/10/2022,$349,2.1,16,,GDDR6,256,225
16 MB,,,,,,,,,
Arc 3,ACM-G11 (DG2-128),30/03/2022,,,4,,GDDR6,64,25
Arc 3,ACM-G11 (DG2-128),30/03/2022,,,4,,GDDR6,64,35
Arc 5,ACM-G12 (DG2-256),,,,4,,GDDR6,128,65
Arc 5,ACM-G10 (DG2-512),,,,8,,GDDR6,128,60
Arc 5,ACM-G12 (DG2-256),,,,8,,GDDR6,128,75
Arc 7,ACM-G10 (DG2-512),,,,12,,GDDR6,192,80
Arc 7,ACM-G10 (DG2-512),,,,16,,GDDR6,256,120
Arc Pro,ACM-G11 (DG2-128),08/08/2022,,,4,,GDDR6,64,50
Arc Pro,ACM-G11 (DG2-128),08/08/2022,,,6,,GDDR6,96,50
Arc Pro,ACM-G11 (DG2-128),08/08/2022,,,6,,GDDR6,96,75
Arc Pro,ACM-G12 (DG2-256),,,,8,,GDDR6,128,95
Arc Pro,ACM-G12 (DG2-256),,,,12,,GDDR6,192,130
Data Center GPU Max 1100,,10/01/2023,,,48,,HBM2E,3072,300
Data Center GPU Max 1350,,,,,96,,HBM2E,6144,450
Data Center GPU Max 1550,,10/01/2023,,,128,,HBM2E,8192,600
